id,tier,categoria,slug,parte,complementar,grupo,arquivo_pronto,arquivo_original,resumo_curadoria,texto_ocr,tags,metricas_detectadas,telefones_borrados,frente_produto_sugerida,uso_sugerido,notas
DEP-001,hero,destravamento,destravei-o-que-havia-travado,,comp-a,comp02,depoimentos-2026-ready/hero/hero_destravamento_destravei-o-que-havia-travado_comp-a.png,IMG_7925.PNG,"Continuação: após 6–7 meses no canal, “destravei o que havia travado”, elogiando o mentor prático.","Comunidade Pódium: Con..
103
COMUNIDADE
40 online
PÓDIUM
Mundo Pódium
que é cada coisa
0
estava postergando demais em
prospecções; queria um tipo de
conteúdo de alguém que entra em
campo pra depois ensinar; 80%
dos que tem por aí na internet; só
ensina a teoria que nem eles
acreditam, nunca entram no jogo; é
típica frase ""técnico não joga"" só
a
que em vendas não funciona assim
Aí pesquisando e procurando pela
internet; achei 0 canal da
combustível
Faz uns 6 ou 7 meses, de lá pra cá
eu destravei 0 que havia travado a
tempos, tanto conteúdo foda que
trás, ele é 0 tipo de
esse cara
mentor que não te fala 0 que você
quer ouvir; mas sim 0 que você
precisa; assim que tu cresce
Esse cara transforma vidas através
do seu conhecimento; esse cara
tudo; muito fera.
merece","destravar, transformação, mentoria, alinhado-ao-produto, hero-candidate",destravamento; mentoria,0,,,
DEP-002,hero,destravamento,diogo-vicent-diz-que-o-youtube-comunidad,,,,depoimentos-2026-ready/hero/hero_destravamento_diogo-vicent-diz-que-o-youtube-comunidad.png,IMG_2867.PNG,Diogo Vicent diz que o YouTube/comunidade foi “virada de chave” e hoje tem “confiança absurda”.,"Diogo Vicent
Você
Recado de vídeo (0:59)
Obrigado a todos da comunidade,
pelas conversas e feedback !
Rômulo Freitas, obrigado pela
iniciativa em criar a comunidade;
e
principalmente 0 canal com
YouTube!
Depois que achei 0 seu canal no
YouTube, foi uma virada de chave.
Cada Live é um detalhe,
e um
ponto; é uma nova visão.
Hoje tenho uma confiança absurda,
de como conduzir é
principalmente uma confiança em
acredita que consigo.
Devido; à cada um de vocês!
18.08
patsimóvel
2","transformação, confiança, YouTube, lives, comunidade",,0,,,
DEP-003,hero,destravamento,douglas-estrutura-r1-r2-destravou,,,,depoimentos-2026-ready/hero/hero_destravamento_douglas-estrutura-r1-r2-destravou.png,9E04BF3C-D337-428E-A510-2A7806A1C70F.PNG,Douglas (“nerd de laboratório”) diz que a estrutura de cold call/R1/R2 o **destravou** e “vale mto a pena”.,"Comunidade Pódium: C..
167
COMUNIDADE
PODIUM
21 online
Douglas P
Pedro Fer
Uma pena que não posso mais entrar na
turma dele lá de 90 reais mensal
Cara... eu já virei Testemunha de
Jeová, de São Rômulo de Beagá..
kkkk
Eu nunca fui ativamente do
comercial, e sempre fui 0 nerd rato
de laboratório de bastidores.
Eé 0 total oposto da caricatura do
que é ser um vendedor rapporzeiro
carismático..
e
Eu tentei muitas estruturas de
prospecção e de reunião;
desbloqueei depois de ver como 0
Rômulo conduz as dele..
Na cold
call, na R1 e na R2
Meu objetivo é criar musculatura e
fazer uma única reunião; mas não é
momento ainda..
E seguir a
estrutura de RI e R2 me
destravou.-
Vale mto a pena","destravar, cold call, R1, R2, transformação, brand-fit",cold_call; destravamento,2,,,
DEP-004,hero,destravamento,elogio-workshop,,,,depoimentos-2026-ready/hero/hero_destravamento_elogio-workshop.png,IMG_3935.PNG,Alanis chama a plataforma de “divisor de águas” e exalta o acesso ao Rômulo.,"Alanis Almeida
+BOJn 69 |G0 8 v6
PELO AMOR DE DEUS !! Toda
conversa com 0 Romulo é uma
experiência. Falo de novo; parece
tiete as vezes que colocamos
algum comentário mas é absurdo
conhecimento que esse cara nos
trás. Porra; ter alguém com tanto
conhecimento de mercado
ajudando de perto é surreal,
0
acesso que 0 Romulo nos
proporciona é de longe a melhor
oportunidade que você vai ter para
se desenvolver.
Sou muito grata por esse tempo
contigo Romulo; toda visão de
mercado que você nos dá é
realmente de muita ajuda.
Obrigada por reservar esse tempo
que você poderia estar fazendo
suas coisas para ajudar quem está
precisando.
plataforma foi um divisor de
A
águas pra mim e uso de gabarito
sempre que estou com uma
dfficuldado
Encontrar","transformação, plataforma, autoridade, gratidão, gabarito",,0,,,
DEP-005,hero,metodo,compara-disparo-whatsapp-e-mail-fracos-v,,comp-b,comp04,depoimentos-2026-ready/hero/hero_metodo_compara-disparo-whatsapp-e-mail-fracos-v_comp-b.png,IMG_4186.PNG,Resumo limpo: WhatsApp frio é horrível; jornada ideal = cold call → follow-up → social.,"Eu tentei; com 3 números de telefone; por
que decidi testar 3 modelos de abordagem
contexto; teve um que se saiu muito bem
Resumindo; prospecção fria por
whatsapp é horrível
Melhor jornada é
Cold call -> Follow UP por
mensagem -> social selling pra
relacionamento","cold call, framework, anti-WhatsApp frio, estratégia",cold_call,0,,,
DEP-006,hero,metodo,revolucionando-prospeccao-ativa,,,,depoimentos-2026-ready/hero/hero_metodo_revolucionando-prospeccao-ativa.png,IMG_6858.PNG,Mensagem curta: “Você está revolucionando o sistema de prospecção ativa.”,"Boa tarde!
Você está revolucionando
sistema de prospecção ativa.","autoridade, prospecção-ativa, elogio-forte, punchy",,0,,,
DEP-007,hero,metricas,10-reunioes-marcadas,,comp-a,comp10,depoimentos-2026-ready/hero/hero_metricas_10-reunioes-marcadas_comp-a.png,IMG_9672.PNG,Victor relata 10 reuniões marcadas de ontem pra hoje com o método do Rômulo.,"Victor
602
4 uvd
De ontem pra hoje já foram 10
reuniões marcadas usando 0
método do Romulo!","resultado numérico, agendamento, método, prova social forte",reunioes,0,,,
DEP-008,hero,metricas,5-agendamentos-em-6-ligacoes,,,,depoimentos-2026-ready/hero/hero_metricas_5-agendamentos-em-6-ligacoes.png,IMG_6129.PNG,"Após copiar ideia de 3 reels, fecha 5 agendamentos em 6 ligações (segurança eletrônica).","Joao Paulo Streda
Romulo; meu irmão pediu pra te
seguir
peguei e olhei 3 rells teu e
copiei a ideia. De 6 ligações hoje, 5
agendamentos pra visita (meu
ramo segurança eletrônica) uma só
não fechou a visita porque entrará
em férias na segunda e amanhã
não teria tempo mas é pra chamar
Kkkkkkkkk
na outra semana
surreal","resultado métrico, conversão, agendamento, reels",agendamentos; ligacoes,0,,,
DEP-009,hero,metricas,5-reunioes-1-fechamento-uma-tarde,,,,depoimentos-2026-ready/hero/hero_metricas_5-reunioes-1-fechamento-uma-tarde.png,IMG_6862.PNG,"Uma tarde de follow-up rendeu 5 reuniões e 1 fechamento, com lista de aprendizados.","au
ua
Como fomos?
Uma tarde de follow-up rendeu 5
reuniões e 1 fechamento com leads
que estavam pegando poeira na
lista de conversas.
Aprendi 0 seguinte:
Nem todo Lead quer fechar
negócio e tá tudo bem; 0 foco é
no que quer ganhar dinheiro;
0 ouro tá no Follow-up;
Follow-up se faz por ligação;
Preço foi feito pra negociar; não
pra pagar;
A dor do Lead não é pra ser
atacada, é pra ser confortada;
sim tá na mesa, então tem que
chamar a esposa pro meet
também;
0 vendedor mineiro tá mais
perto do sim do que 0 Paulista.","resultados, follow-up, fechamento, métricas, mindset",reunioes,0,,,
DEP-010,hero,metricas,alanis-marcou-reuniao,,,,depoimentos-2026-ready/hero/hero_metricas_alanis-marcou-reuniao.png,IMG_6377.PNG,"Aluna aplica técnicas dos vídeos, conduz ligação com postura e marca reunião.","Alanis Almeida
Rômulo Freitas acabei de fazer
uma ligação usando as formas que
você passa nos vídeos.
SIMPLESMENTE FODA! Com 0
perdão da palavra.
Conversei com 0 cara como se eu
não precisasse dele e buscando
entender 0 mercado dele.
Reunião marcada para amanhã.
A","resultado, ligação, metodologia, confiança",,0,,,
DEP-011,hero,metricas,ciclo-vendas-15-21-para-1-7-dias,,,,depoimentos-2026-ready/hero/hero_metricas_ciclo-vendas-15-21-para-1-7-dias.png,IMG_7351.PNG,"Cliente diz que ligar reduziu o ciclo de vendas de 15–21 dias para 1–7 dias, com impacto financeiro “imensurável”.","Usa algum CRM?
Novas mensagens
Criei um no notion mesmo
Um kanban. Mas vou migrar para 0
agendor ou hubspot. Criei no notion
só para não ficar procrastinando por
não ter assinado crm
Ligar diminuiu demais meu ciclo de
vendas. Eu estimo que levaria entre
15 e 21 dias para conseguir levar 0
cara para uma call.
Ligando eu
resolvo isso em 1a 7 dias
tanto de dinheiro e 0 fluxo de
caixa que isso significa no longo
prazo. Imensurável","resultado-mensurável, ciclo-de-vendas, fluxo-de-caixa, ligações, hero-candidate",,0,,,
DEP-012,hero,metricas,fechamento-site-ligacao-fria,,,,depoimentos-2026-ready/hero/hero_metricas_fechamento-site-ligacao-fria.png,IMG_0108.PNG,Jonathan relata fechamento de venda de 1 site após ligação fria + follow-up no WhatsApp; workshop era “última alternativa”.,"Jonathan
Opa romulo; ce disse no workshop
que queria meu feedback pq eu
tava apostando como última
alternativa né?
Acabamos de fechar uma venda de
1 site agora'!
fria,
Ligação totalmente
follow ups
whatzapp
pelo
2
Booooooaaaaaaaaa
16.52
Aí sim poxall!!","fechamento, resultado_financeiro, ligacao_fria, metodo_funcionou, prova_social",cold_call; workshop,1,,,
DEP-013,hero,metricas,izabela-4-reunioes-na-semana,1,,,depoimentos-2026-ready/hero/hero_metricas_izabela-4-reunioes-na-semana_parte-1.png,FC7F3CB4-4ABE-4AE1-87F3-9E72DFC144EB.PNG,Izabela: a live a “destravou” e na semana foram **4 reuniões agendadas por ligação**.,"Izabela
agora
Comunidade Pódium: Construindo E..
Essa semana foram 4 reuniões agendadas
PODIU
por ligação
Odeio quem cospe no chão
Eoque isso temaver com ligações
Rômulo Freitas
Cold Call |
Prospecção Ativa no Instagr_
instagram.com
12.44
Odeio quem cospe no chão
12.44
Mensagens não lidas: 2","destravar, métrica, reuniões, cold call, resultado",cold_call; destravamento; reunioes,0,,,
DEP-014,hero,metricas,izabela-4-reunioes-na-semana,2,,,depoimentos-2026-ready/hero/hero_metricas_izabela-4-reunioes-na-semana_parte-2.png,FC7F3CB4-4ABE-4AE1-87F3-9E72DFC144EB.PNG,Izabela: a live a “destravou” e na semana foram **4 reuniões agendadas por ligação**.,"Izabela
Pessoal, tudo bem? Romulo;
acompanhei a tua última Live de
ligação que teve essa semana e
você conseguiu me destravar
Essa semana foram 4 reuniões
agendadas por ligação","destravar, métrica, reuniões, cold call, resultado",destravamento; reunioes,1,,,
DEP-015,hero,metricas,joao-8-ligacoes-2-compras-1-upsell,,,,depoimentos-2026-ready/hero/hero_metricas_joao-8-ligacoes-2-compras-1-upsell.png,IMG_6750.PNG,Aluno relata 8 ligações no dia com 2 vendas e 1 upsell após aprender follow-up por ligação.,"João Vitor
~
Nesse grupo aprendi que follow up
é por ligação; já fiz 8 ligações hoje,
2 compras e 1 upsell. Resultado
muito bom.","resultados, vendas, follow-up, métricas, prova-social",compras; ligacoes; upsell; vendas,1,,,
DEP-016,hero,metricas,lucas-30-ligacoes-3-reunioes-1-venda,,,,depoimentos-2026-ready/hero/hero_metricas_lucas-30-ligacoes-3-reunioes-1-venda.png,IMG_1743.PNG,Lucas: 30 ligações → 10 atenderam → 5 decisores → 3 reuniões → 1 venda no mesmo dia.,"Lucas Ribeiro Mentorado
Boa noite galera passando as
minhas atualizações do dia Fiz 30
ligacoes, 10 atenderam; falei com 5
decisores e marquei 3 reuniões.
Dessas ligações de hoje fiz uma
reunião hoje pela tarde e 1 venda já
foi feita Vamos pra cima","agendamento, fechamento, metricas_de_vendas, metodo_funcionou, prova_social",ligacoes; mentoria; reunioes; vendas,0,,,
DEP-017,hero,metricas,maycon-aplica-reuniao-de-alinhamento-da,,,,depoimentos-2026-ready/hero/hero_metricas_maycon-aplica-reuniao-de-alinhamento-da.png,IMG_3001.PNG,Maycon aplica reunião de alinhamento da mentoria e tem insight forte do cliente.,"Maycon Ferraz
Bom dia @Rômulo Freitas
Acabei de fazer a reunião de
alinhamento como você me
explicou na segunda na mentoria; e
foi simplesmente foda.
Nunca tinha feito dessa maneira 0
cliente falou tudo os motivos do
porquê ele tá me pagando e
porque trocou 0 antigo pessoal; e
assim primeira vez que eu tô
começando um projeto bem.
Muito obrigado.
08.43","mentoria, técnica prática, projeto, gratidão, resultado imediato",mentoria,0,,,
DEP-018,hero,metricas,medo-2-anos-para-10-ligacoes,,,,depoimentos-2026-ready/hero/hero_metricas_medo-2-anos-para-10-ligacoes.png,IMG_4176.PNG,Maycon destrava medo de 2 anos e faz 10 ligações; workshop = “melhores R$50”.,"Maycon Ferraz
Fala pessoal boa tarde.
Olha tô passando aqui pra
agradecer de vdd msm 0 Rômulo
porra hoje eu destravei nas
ligações acabei de fazer 10
ligações seguidas sem medo sem
pressão.
E sério msm hoje eu venci um
medo de mais de 2 anos e sei que
bicho papão era coisa da minha
0
cabeça.
Então se eu posso passar aqui uma
recomendação quem for nesse
workshop pergunta e fala porque
eu posso falar os melhores 50 reais
que eu ja investi na vida.
De vdd so tenho a agradecer.
4","destrava, ligações, superação, workshop, ROI emocional",destravamento; ligacoes; valor_rs; workshop,0,,,
DEP-019,hero,metricas,primeiro-contrato-menos-1-semana,,comp-b,comp05,depoimentos-2026-ready/hero/hero_metricas_primeiro-contrato-menos-1-semana_comp-b.png,IMG_2865 (1).PNG,Alex elogia a comunidade e oferece vaga remunerada de prospecção (R$150/venda).,"Alex
Booom diaaa, Abençoados
Comunidade fera demais, só gente
de excelência, Parabéns @Rômulo
Freitas pelo trabalho.
Estou em busca de uma pessoa
que faça prospecção ativa e
agende reuniões alinhado com ICP
da empresa, cada agendamento
com venda concluída a empresa
paga R$ 150,00 por venda.
Agendando 10 Reuniões na
semana e todas as reuniões
fecharem vendas, Pix de R$
1.500,00 na conta por semana.
Interessados, chame no privado!
Bora pra cima
A","comunidade, networking, oportunidade, prospecção",reunioes; valor_rs,1,,,
DEP-020,hero,metricas,primeiro-contrato-menos-1-semana,,comp-a,comp05,depoimentos-2026-ready/hero/hero_metricas_primeiro-contrato-menos-1-semana_comp-a.png,IMG_2865.PNG,André Neto fecha o 1º contrato em menos de uma semana na comunidade (R1 → R2 → fechamento).,"André Neto.
Galera; faz nem uma semana que
conheci a comunidade e 0 Rômulo
e já posso agradecer esse primeiro
contrato ao conteúdo e networking
daqui.
Fiz uma R1 na quinta passada; R2 e
fechamento hoje.. passei 0 fim de
poderia
semana fritando em como
apresentar a R2 e 0 que mais fazia
sentido pro lead.","resultados rápidos, contrato, R1/R2, networking, gratidão",,0,,,
DEP-021,hero,metricas,profissional-de-vendas-b2b-elogia-o-romu,,,,depoimentos-2026-ready/hero/hero_metricas_profissional-de-vendas-b2b-elogia-o-romu.png,IMG_7002.PNG,Profissional de vendas B2B elogia o Rômulo e diz que a abordagem gera muito resultado.,"Passando aqui pra elogiar 0
trabalho do Rômulo!
Você é fera meu amigo!
Atuo com vendas B2B e a forma
como você aborda realmente da
muito resultado!","B2B, resultados, autoridade, elogio",,0,,,
DEP-022,hero,metricas,prova-social-resultado,1,,,depoimentos-2026-ready/hero/hero_metricas_prova-social-resultado_parte-1.png,IMG_2323.PNG,Marcos Diniz diz que voltou à prospecção ativa e fechou negócios para sua incorporadora graças a vídeos/lives.,"Marcos Diniz
U
6o
Confesso que antes de
acompanhar seu canal no YouTube
eu não fazia mais prospecção ativa
por telefone, deixando tudo para
os vendedores e corretores.
Mas hoje, devido aos seus vídeos e
lives, tenho feito mais ligações e
fechado outros tipos de negócios
para minha Incorporadora.
Antes de sermos empresários,
somos vendedores!","resultados, prospecção, imobiliário, gratidão, autoridade",,0,,,
DEP-023,hero,metricas,prova-social-resultado,2,,,depoimentos-2026-ready/hero/hero_metricas_prova-social-resultado_parte-2.png,IMG_2323.PNG,Marcos Diniz diz que voltou à prospecção ativa e fechou negócios para sua incorporadora graças a vídeos/lives.,"Parabéns Rômulo
4","resultados, prospecção, imobiliário, gratidão, autoridade",,0,,,
DEP-024,hero,metricas,regularize-triplicou-faturamento,,,,depoimentos-2026-ready/hero/hero_metricas_regularize-triplicou-faturamento.png,IMG_0580.PNG,"Regularize Health afirma ter **triplicado o faturamento** no mês seguinte aplicando inbound/follow-up do workshop, com gráfico de crescimento.","ucobldksdaoogu
Regularize Health
Linha
Recebidas
Barra
0
Confl
00o
500
500
01/2026
02/2026
03/2026
04/2026
Pessoal!
Passando apenas para deixar um
depoimento sobre 0 workshop pra
quem ainda não participou.
Desde quando começamos colocar
prática os conceitos do
em
Rômulo Freitas apenas
aplicando no inbound e follow-up
triplicamos nosso faturamento já
no mês seguinte
REGULARIZE","resultado_financeiro, metodo_funcionou, prova_social, inbound_followup",triplicou; workshop,0,,,
DEP-025,hero,metricas,resultado-agendamento,,,,depoimentos-2026-ready/hero/hero_metricas_resultado-agendamento.png,IMG_6372.PNG,"Superou o frio na barriga, agendou 3 reuniões e maratonou a live #97.","Ô Zé, fazer ligações da um frio na
barriga danado. Ignorei todo
pensamento de ""não"" que eu podia
levar. Fiz as ligações agora a tarde
agendei 3 reuniões depois de
qualificar os leads.
Tem mais uns 3 que estão pra me
dar a resposta, esses não teve jeito
tive que mandar los pro WhatsApp
Eu nem sou mineiro; mas hj eu
maratonei a live #97, 5 hrs da
manhã. Agora tô ate com teu
sotaque kkkkk","superação, resultado, agendamento, esforço",reunioes,0,,,
DEP-026,hero,metricas,resultado-ligacoes,,,,depoimentos-2026-ready/hero/hero_metricas_resultado-ligacoes.png,IMG_7202.PNG,Aluno conta recomeço de carreira: após aula/YouTube agendou 3 reuniões e avançou uma para R2.,"recomeço na carreira. Ja trapainei
vendas, mas em contextos
com
bem diferentes
prospectar;
agendar reunião; conduzir esse
início de conversa era totalmente
novo pra mim.
Passei 0 mês inteiro tentando
replicar 0 que via por aí e não fluía.
Já tava começando a perder a
esperança; sendo bem sincero.
De domingo pra cá, só com
YouTube e uma aula que assisti,
encontrei meu estilo. O jogo virou.
Resultado: agendei 3 reuniões; fiz
uma R1 hoje que já abriu espaço
pra R2. começou a fluir de
verdade.
Tenho muito a evoluir ainda, mas
agora sei que tô no caminho certo.","superação, resultados, reuniões, YouTube, motivação",reunioes,0,,,
DEP-027,hero,workshop,leandro-diz-que-aula-de-2h-entregou-mais,,,,depoimentos-2026-ready/hero/hero_workshop_leandro-diz-que-aula-de-2h-entregou-mais.png,IMG_3378.PNG,Leandro diz que aula de 2h entregou mais que cursos pagos (comparação “20%”).,"Leandro Cardoso
~
0
Quero te agradecer
RÜmulo
Freitas, hoje foi um divisor de
águas na nossa conversa; olha
muito conteúdo pago que não
entregou 20% do que recebi hoje
seu, uma aula de 2 horas, que
tenho a certeza de voltar na
próxima sala com reuniões
agendadas!!","autoridade, conteúdo premium, gratidão, expectativa superada",,0,,,
DEP-028,hero,workshop,participantes-exaltam-o-workshop-como-o,1,,,depoimentos-2026-ready/hero/hero_workshop_participantes-exaltam-o-workshop-como-o_parte-1.png,IMG_4416.PNG,"Participantes exaltam o workshop como o melhor conteúdo visto, com muita entrega.","Comunidade Pódium: Cons..-
84
COMUNIDADE
21 online
PÓDIUM
https:llworkshop.mundopodium combr
atuando; ainda não tenho metrica
nenhuma para avaliar.
Workshop Concluído!
Mais um
Muito Obrigado pela Confiança
Turma!
16.43","workshop, entusiasmo, autoridade, comparação de mercado",workshop,0,,,
DEP-029,hero,workshop,participantes-exaltam-o-workshop-como-o,2,,,depoimentos-2026-ready/hero/hero_workshop_participantes-exaltam-o-workshop-como-o_parte-2.png,IMG_4416.PNG,"Participantes exaltam o workshop como o melhor conteúdo visto, com muita entrega.","José Oliveira
Foi MASSA demais ""
Conteúdo absurdo.
16.44
Muita entrega'!
Mensagem não lida:","workshop, entusiasmo, autoridade, comparação de mercado",workshop,0,,,
DEP-030,hero,workshop,participantes-exaltam-o-workshop-como-o,3,,,depoimentos-2026-ready/hero/hero_workshop_participantes-exaltam-o-workshop-como-o_parte-3.png,IMG_4416.PNG,"Participantes exaltam o workshop como o melhor conteúdo visto, com muita entrega.","Gilson Cas
Rômulo Freitas parabéns, meu
amigo.
Vou sensacional, de verdade.
Eu já vi muita coisa por aí, mas 0
teu foi 0 melhor.
A maioria é só 3 CPLs com pitch no
final kkkk
parei até de fazer minhas
teu
0
eu
coisas aqui pra prestar atencão.","workshop, entusiasmo, autoridade, comparação de mercado",workshop,1,,,
DEP-031,hero,workshop,participantes-exaltam-o-workshop-como-o,4,,,depoimentos-2026-ready/hero/hero_workshop_participantes-exaltam-o-workshop-como-o_parte-4.png,IMG_4416.PNG,"Participantes exaltam o workshop como o melhor conteúdo visto, com muita entrega.","coisas aqui pra prestar atenção.
Parabéns
Estou voltando","workshop, entusiasmo, autoridade, comparação de mercado",workshop,0,,,
DEP-032,gallery,comunidade,afonso-gomes-elogia-o-carater-do-romulo,,,,depoimentos-2026-ready/gallery/gallery_comunidade_afonso-gomes-elogia-o-carater-do-romulo.png,IMG_7875.PNG,"Afonso Gomes elogia o caráter do Rômulo (“gente boa”, coração humilde).","Afonso Gomes
Tudo tem 0 começo
Rômulo é gente boa
19:711
Coração humilde dá pra notar","caráter, confiança, conexão-pessoal, soft-proof",,0,,,
DEP-033,gallery,comunidade,aluno-brinca-que-vai-pedir-truco-e-se-id,,,,depoimentos-2026-ready/gallery/gallery_comunidade_aluno-brinca-que-vai-pedir-truco-e-se-id.png,IMG_6863.PNG,Aluno brinca que vai “pedir truco” e se identifica como vendedor paulista.,"No último item eu vou ser obrigado
pedir truco!
a
Sou vendedor paulista e bixo pega
ein
2","humor, engajamento, comunidade, persona-vendedor",,0,,,
DEP-034,gallery,comunidade,aluno-conta-que-a-esposa-o-pegou-imitand,,,,depoimentos-2026-ready/gallery/gallery_comunidade_aluno-conta-que-a-esposa-o-pegou-imitand.png,IMG_2386.PNG,Aluno conta que a esposa o pegou imitando o bordão “aqui é Rômulo de BH”.,"Rapaz, minha esposa hj perguntou
se eu estava louco, pegou eu te
imitando kkkk.. .""aqui é Rômulo de
cara, grudou na mente
BH","humor, memorabilidade, influência, engajamento",,0,,,
DEP-035,gallery,comunidade,aluno-novo-elogia-a-sintonia-e-o-valor-d,,,,depoimentos-2026-ready/gallery/gallery_comunidade_aluno-novo-elogia-a-sintonia-e-o-valor-d.png,IMG_2904.PNG,Aluno novo elogia a sintonia e o valor do grupo desde o primeiro dia.,"Entrei hoje de manhã e já percebi a
sintonia do pessoal se ajudando;
tem valor demais esse grupo seu.","comunidade, networking, valor, acolhimento",,0,,,
DEP-036,gallery,comunidade,apos-live-emocional-membros-reforcam-con,1,,,depoimentos-2026-ready/gallery/gallery_comunidade_apos-live-emocional-membros-reforcam-con_parte-1.png,IMG_3430.PNG,"Após live emocional, membros reforçam conexão, jornada compartilhada e esperança.","Comunidade Pódium: C.-
157
COMUNIDADE
PODIUM
47 online
Hoje
Desculpem a emoção no final da
Live pessoal, espero que tenha
ajudado!!
Gabriel Sani
Você
Desculpem a emoção no final da Live
pessoal, espero que tenha ajudado!!
mas é isso que conecta mais a
gente com você, estamos todos na
mesma jornada
fiel saiu
Deus","conexão, inspiração, live, comunidade, emoção",,2,,,
DEP-037,gallery,comunidade,apos-live-emocional-membros-reforcam-con,2,,,depoimentos-2026-ready/gallery/gallery_comunidade_apos-live-emocional-membros-reforcam-con_parte-2.png,IMG_3430.PNG,"Após live emocional, membros reforçam conexão, jornada compartilhada e esperança.","João Barb
Você
Desculpem a emoção no final da Live
pessoal, espero que tenha ajudado!!
Live muito fera. Eeu acho que
todos nós estamos passando ou já
passamos por algo parecido ao
que você passou.
Ao meu ver; você contando é uma
esperança de que se você
conseguiu outra pessoa consegue,
mas tem que ter garra!
16.33","conexão, inspiração, live, comunidade, emoção",,1,,,
DEP-038,gallery,comunidade,bruno-henrique-da-nota-1000-e-chama-a-en,,,,depoimentos-2026-ready/gallery/gallery_comunidade_bruno-henrique-da-nota-1000-e-chama-a-en.png,IMG_9668.PNG,Bruno Henrique dá “nota 1000” e chama a entrega de absurda.,"Bruno Henrique
@ucoIOOQOO
Rômulo como sempre, nota 1000!
Entrega absurda!","nota máxima, entrega, consistência, elogio curto",,0,,,
DEP-039,gallery,comunidade,ce-e-bom-demais-bicho,,,,depoimentos-2026-ready/gallery/gallery_comunidade_ce-e-bom-demais-bicho.png,IMG_2427.PNG,Elogio curto e informal: “ce é bom demais bicho”.,ce é bom demais bicho,"elogio, informal, prova social rápida",,0,,,
DEP-040,gallery,comunidade,cliente-agradece-pelos-ensinamentos-e-pa,,,,depoimentos-2026-ready/gallery/gallery_comunidade_cliente-agradece-pelos-ensinamentos-e-pa.png,IMG_8583.PNG,Cliente agradece pelos ensinamentos e parabeniza a missão de ajudar pessoas.,"gratidão pelos seus
e
ensinamentos
10.53
parabéns pelo excelente trabalho e
missão em ajudar as pessoas","gratidão, missão, elogio, crop curto",,0,,,
DEP-041,gallery,comunidade,cliente-apollo-agradece-romulo-pela-aten,,,,depoimentos-2026-ready/gallery/gallery_comunidade_cliente-apollo-agradece-romulo-pela-aten.png,IMG_0099.PNG,Cliente (Apollo) agradece Rômulo pela atenção aos detalhes e por ajudá-los a superar limites; diz que o dia foi “muito fera”.,"Apollo
Ac
Rômulo.
Muito obrigado por pensar em nós
em casa detalhe. Obrigado por nos
guiar para uma superar nossos
limites. Que tenhamos sempre seu
apoio.  Tmjj. Hoje foi muito ferall!!","agradecimento, superacao, prova_social, apoio_individualizado",,1,,,
DEP-042,gallery,comunidade,cliente-se-identifica-com-o-mentor-pelos,,,,depoimentos-2026-ready/gallery/gallery_comunidade_cliente-se-identifica-com-o-mentor-pelos.png,IMG_7496.PNG,Cliente se identifica com o mentor pelos valores de família e pelo “jeito mineiro”.,"Tu é um cara bem família, gerei
identificação contigo por causa
disso
do jeito mineiro; meu
também
pai
e","conexão, branding-pessoal, confiança, soft-proof",mentoria,0,,,
DEP-043,gallery,comunidade,comentario-sobre-confianca-preview-do-re,1,,,depoimentos-2026-ready/gallery/gallery_comunidade_comentario-sobre-confianca-preview-do-re_parte-1.png,IMG_6167.PNG,Comentário sobre confiança + preview do reel de gatekeeper; autor valida.,"POV: ""Não tem nenhum
Pedro aqui não"" #
88.56
Comentários
informação
Responder
weellington.g 3 sem
pelo
autor
Isso é tão simples e as pessoas não usam
kkkk é a mesma coisa de você entrar em
23
confiança; ninguém te
um ambiente com
para e questiona","confiança, gatekeeper, prova social, engajamento",,0,,,
DEP-044,gallery,comunidade,comentario-sobre-confianca-preview-do-re,2,,,depoimentos-2026-ready/gallery/gallery_comunidade_comentario-sobre-confianca-preview-do-re_parte-2.png,IMG_6167.PNG,Comentário sobre confiança + preview do reel de gatekeeper; autor valida.,"para e questiona
Responder
Ocultar
romulocsfreitas
Autor
3 sem
@weellington.g Exatamentel!
Responder
pelo
callmee eric 3 sem
autor
Adicione um comentário.","confiança, gatekeeper, prova social, engajamento",,0,,,
DEP-045,gallery,comunidade,concorda-que-no-mercado-emocao-vira-fraq,,,,depoimentos-2026-ready/gallery/gallery_comunidade_concorda-que-no-mercado-emocao-vira-fraq.png,IMG_3628.PNG,Concorda que no mercado emoção vira fraqueza e exige equilíbrio razão/instinto.,"""Pura verdade! No mercado,
emoção vira fraqueza. Quem sente
demais acaba sendo engolido
porque ali tudo funciona como um
leão faminto: rápido; frio e
impiedoso. No
fim,
sobreviver é
saber equilibrar razão; instinto e
emoção
mas sempre com os pés
no chão""","mentalidade, realismo, mercado, equilíbrio",,0,,,
DEP-046,gallery,comunidade,davi-da-cadis-agradece-conversa-e-aprend,,,,depoimentos-2026-ready/gallery/gallery_comunidade_davi-da-cadis-agradece-conversa-e-aprend.png,IMG_6363.PNG,Davi da CADIS agradece conversa e aprendizado com Rômulo.,"Fala Rômulo; aqui é 0 Davi da
CADIS, tudo certo?
Passando aqui pra agradecer
pelo
nosso tempo de conversa agora, foi
tempo de bastante aprendizado!
um
Vamos manter esse contato!","networking, agradecimento, profissionalismo",,0,,,
DEP-047,gallery,comunidade,gente-so-facam,1,,,depoimentos-2026-ready/gallery/gallery_comunidade_gente-so-facam_parte-1.png,IMG_2878.PNG,"André Neto: “Gente, só façam!” — empresários dizem “é exatamente isso que eu preciso”.","Comunidade Pódium:.
82
COMUNIDADE
PÓDIUM
Boraa","prova social, validação de mercado, entusiasmo",,0,,,
DEP-048,gallery,comunidade,gente-so-facam,2,,,depoimentos-2026-ready/gallery/gallery_comunidade_gente-so-facam_parte-2.png,IMG_2878.PNG,"André Neto: “Gente, só façam!” — empresários dizem “é exatamente isso que eu preciso”.","André Neto.
Isso que nem fiz cold call baseado
nessa nova entrega
Gente, só façam! É bom demais ver","prova social, validação de mercado, entusiasmo",cold_call,0,,,
DEP-049,gallery,comunidade,gente-so-facam,3,,,depoimentos-2026-ready/gallery/gallery_comunidade_gente-so-facam_parte-3.png,IMG_2878.PNG,"André Neto: “Gente, só façam!” — empresários dizem “é exatamente isso que eu preciso”.",,"prova social, validação de mercado, entusiasmo",,0,,,
DEP-050,gallery,comunidade,gente-so-facam,4,,,depoimentos-2026-ready/gallery/gallery_comunidade_gente-so-facam_parte-4.png,IMG_2878.PNG,"André Neto: “Gente, só façam!” — empresários dizem “é exatamente isso que eu preciso”.","empresários dizendo: É EXATAMENTE ISS
QUE EU PRECISO","prova social, validação de mercado, entusiasmo",,0,,,
DEP-051,gallery,comunidade,guilherme-alves-elogia-argumento-do-grup,1,,,depoimentos-2026-ready/gallery/gallery_comunidade_guilherme-alves-elogia-argumento-do-grup_parte-1.png,IMG_2854.PNG,Guilherme Alves elogia argumento do grupo e chama a comunidade de “mina de ouro”.,"Guilherme Alves
U7
'
Anderson Salema
Ue
C(077
Mensagem de voz (2:13)
Caraca que argumento bom
19.45
Esse grupo aqui é uma mina de
ouro
19.45
Valeu senhores!!
19.45
Após a Call amanhã trago as
atualizações.","comunidade, valor, entusiasmo, networking",,0,,,
DEP-052,gallery,comunidade,guilherme-alves-elogia-argumento-do-grup,2,,,depoimentos-2026-ready/gallery/gallery_comunidade_guilherme-alves-elogia-argumento-do-grup_parte-2.png,IMG_2854.PNG,Guilherme Alves elogia argumento do grupo e chama a comunidade de “mina de ouro”.,"~Anderson Salema
Gideão
19.46","comunidade, valor, entusiasmo, networking",,0,,,
DEP-053,gallery,comunidade,humorada-que-o-bordao-do-romulo-nao-sai,,,,depoimentos-2026-ready/gallery/gallery_comunidade_humorada-que-o-bordao-do-romulo-nao-sai.png,IMG_7225.PNG,Afonso comenta de forma bem-humorada que o bordão do Rômulo não sai da cabeça.,"Afonso
Rapaz nao sai da minha 0 bordão
do Rômulo kkk
Sou Rômulo de BH kk","humor, brand-recall, engajamento, personalidade",,1,,,
DEP-054,gallery,comunidade,mayara-curitiba-cumprimenta-o-grupo-e-di,,,,depoimentos-2026-ready/gallery/gallery_comunidade_mayara-curitiba-cumprimenta-o-grupo-e-di.png,IMG_2431.PNG,Mayara (Curitiba) cumprimenta o grupo e diz que está adorando a comunidade.,"Mayara RP
Boa tarde pessoall! Mayara aqui de
Curitiba, tudo bem? kkk
Que massa esse grupo!! Estou
adorando a comunidade","comunidade, entusiasmo, apresentação",,1,,,
DEP-055,gallery,comunidade,mensagens-de-aniversario-com-gratidao-pe,1,,,depoimentos-2026-ready/gallery/gallery_comunidade_mensagens-de-aniversario-com-gratidao-pe_parte-1.png,52A4F228-33F2-438C-BCBF-8513EFE55C07.PNG,"Mensagens de aniversário com gratidão pelo conhecimento compartilhado (Cris, Bruno, Thiago…).","Comunidade Pódium: C..
164
COMUNIDADE
PODIUM
20 online
Cris
Parabéns @Rômulo Freitas ! Que
Deus abençoe e multiplique as
bençãos em sua vida; da mesma
forma que você abençoa quando
compartilha seu conhecimento
Aproveite seu dia ao lado das
pessoas amadas, afinal; isso é
que verdadeiramente importa","aniversário, gratidão, comunidade, conhecimento",,1,,,
DEP-056,gallery,comunidade,mensagens-de-aniversario-com-gratidao-pe,2,,,depoimentos-2026-ready/gallery/gallery_comunidade_mensagens-de-aniversario-com-gratidao-pe_parte-2.png,52A4F228-33F2-438C-BCBF-8513EFE55C07.PNG,"Mensagens de aniversário com gratidão pelo conhecimento compartilhado (Cris, Bruno, Thiago…).","Bruno Henr
Parabéns Romulo; tudo de melhor
em sua vida! Deus abençoe!
Obrigado por tanto.","aniversário, gratidão, comunidade, conhecimento",,1,,,
DEP-057,gallery,comunidade,mensagens-de-aniversario-com-gratidao-pe,3,,,depoimentos-2026-ready/gallery/gallery_comunidade_mensagens-de-aniversario-com-gratidao-pe_parte-3.png,52A4F228-33F2-438C-BCBF-8513EFE55C07.PNG,"Mensagens de aniversário com gratidão pelo conhecimento compartilhado (Cris, Bruno, Thiago…).","Thiago Rosa
Parabénss
Rômulo Freitas!
Muitos anos de luz em sua vida e
que ela seja muito próspera em
tudo que for tocar, aproveita seu
dia !!","aniversário, gratidão, comunidade, conhecimento",,0,,,
DEP-058,gallery,comunidade,mensagens-de-aniversario-com-gratidao-pe,4,,,depoimentos-2026-ready/gallery/gallery_comunidade_mensagens-de-aniversario-com-gratidao-pe_parte-4.png,52A4F228-33F2-438C-BCBF-8513EFE55C07.PNG,"Mensagens de aniversário com gratidão pelo conhecimento compartilhado (Cris, Bruno, Thiago…).","Mike Oliv
Rômulo Freltas parapens
Rômulo; tudo de bom na tua vida!!","aniversário, gratidão, comunidade, conhecimento",,1,,,
DEP-059,gallery,comunidade,notificacao-de-que-metaforando-e-outras,,,,depoimentos-2026-ready/gallery/gallery_comunidade_notificacao-de-que-metaforando-e-outras.png,IMG_6017.PNG,Notificação de que Metaforando e outras 40 pessoas curtiram um reel.,"metaforando.vitor
daivyhigrowth
e outras 40 pessoas curtiram seu
reel. 26 s","autoridade, prova social, engajamento",,0,,,
DEP-060,gallery,comunidade,pedro-diz-que-esse-romulo-e-diferenciado,,,,depoimentos-2026-ready/gallery/gallery_comunidade_pedro-diz-que-esse-romulo-e-diferenciado.png,59857EAA-6FD2-401D-96FC-D641C9FF9931.JPG,Pedro diz que “esse Rômulo é diferenciado” e lamenta vagas fechadas da turma.,"Pedro
Realmente pessoal
Esse Rômulo é diferenciado
Não fazia ideia de quem ele era
Uma pena que não posso mais
entrar na turma dele lá de 90 reais
mensal
Tem como entrar na turma dele?
Problema só é que fechou as vagas","autoridade, escassez, FOMO, desejo, prova social",,1,,,
DEP-061,gallery,comunidade,pessoa-agradece-a-humildade-do-romulo-co,,,,depoimentos-2026-ready/gallery/gallery_comunidade_pessoa-agradece-a-humildade-do-romulo-co.png,IMG_7172.PNG,"Pessoa agradece a humildade do Rômulo, contrastando com “intocáveis” do digital.","Obrigada romulo; gostei da sua
humildade cara; muito diferente
desses que são ""intocáveis
no
digital, mineiro é geste boa demais
kk","humildade, confiança, personalidade, gratidão",,0,,,
DEP-062,gallery,comunidade,r-529-investidos-vs-contrato-de-r-6,1,comp-b,comp08,depoimentos-2026-ready/gallery/gallery_comunidade_r-529-investidos-vs-contrato-de-r-6_comp-b_parte-1.png,IMG_3438.PNG,Grupo reforça autoridade (“Rômulo é O cara”) e presença de gente da V4.,,"autoridade, V4, social proof, comunidade, humor",,1,,,
DEP-063,gallery,comunidade,r-529-investidos-vs-contrato-de-r-6,1,comp-d,comp08,depoimentos-2026-ready/gallery/gallery_comunidade_r-529-investidos-vs-contrato-de-r-6_comp-d_parte-1.png,IMG_3440.PNG,Membros falam de dedicação extrema no atendimento (“psicopata” de trabalho).,"Comunidade Pódium: C.-
157
COMUNIDADE
PODIUM
22 online
Rodrigo Ozorio deseja entrar no grupo.
Analisar pedido
Rodrigo Ozorio entrou usando 0 link do
grupo
Cris
endo 0 processc
Você
21h. Acabei de enviar essa
Jorçamento/técr
mensagem em um grupo com um
rmos internamer
cliente.
Faço isso e ainda mais! Falo com
cliente em qualquer horário e todos
agradecem pela atenção e
me
cuidado
Mensagens não lidas: 2","atendimento, dedicação, comunidade, humor",,1,,,
DEP-064,gallery,comunidade,r-529-investidos-vs-contrato-de-r-6,2,comp-b,comp08,depoimentos-2026-ready/gallery/gallery_comunidade_r-529-investidos-vs-contrato-de-r-6_comp-b_parte-2.png,IMG_3438.PNG,Grupo reforça autoridade (“Rômulo é O cara”) e presença de gente da V4.,"Vinicius Nascimento
Rômulo me desbloqueou kkkk
huuuuuuuuuum kkkkkkkkkk
Agora ele é total flex","autoridade, V4, social proof, comunidade, humor",,1,,,
DEP-065,gallery,comunidade,r-529-investidos-vs-contrato-de-r-6,2,comp-d,comp08,depoimentos-2026-ready/gallery/gallery_comunidade_r-529-investidos-vs-contrato-de-r-6_comp-d_parte-2.png,IMG_3440.PNG,Membros falam de dedicação extrema no atendimento (“psicopata” de trabalho).,"Daniel
Se 0 cliente ve que vc esta
trabalhando mais que ele para a
empresa dele ele fica feliz kkk
ele sabe que vc também é um
""psicopata'
trabalhando
11","atendimento, dedicação, comunidade, humor",,1,,,
DEP-066,gallery,comunidade,r-529-investidos-vs-contrato-de-r-6,3,comp-b,comp08,depoimentos-2026-ready/gallery/gallery_comunidade_r-529-investidos-vs-contrato-de-r-6_comp-b_parte-3.png,IMG_3438.PNG,Grupo reforça autoridade (“Rômulo é O cara”) e presença de gente da V4.,"BRINCADEIRA
Ate gente da v4 tem aqui
Rômulo é 0 cara","autoridade, V4, social proof, comunidade, humor",,2,,,
DEP-067,gallery,comunidade,relato-de-procuracao-cadastrada-com-dono,,,,depoimentos-2026-ready/gallery/gallery_comunidade_relato-de-procuracao-cadastrada-com-dono.png,IMG_3937.PNG,Relato de procuração cadastrada com dono de indústria e avanço para R2.,"Rômulo; passando só pra te contar:
Procuração daquele cliente de hoje
de manhã cadastrada""! E das 2
empresas dele. Levamos no show
3x,
inclusive a reunião era pra
dele
ser às 10h hoje mas aconteceu só
as 11h e ele estava com MUITA
pressa.
Dava pra ver que era
ocupadíssimo; então foi bem
Dono de indústria né
desafiador.
kkk Ainda não é contrato fechado;
mas avançamos para a R2","R2, progresso, objeção, indústria, conquista",,0,,,
DEP-068,gallery,comunidade,seguidor-elogia-a-resiliencia-do-criador,,,,depoimentos-2026-ready/gallery/gallery_comunidade_seguidor-elogia-a-resiliencia-do-criador.png,IMG_7308.PNG,"Seguidor elogia a resiliência do criador (670 vídeos, 120 lives, 5k seguidores).","Cara acho muito louco; tu tem 670
vídeos postados 120 lives no
YouTube e ainda 5k de seguidores
irmão parabéns pela resiliência; e
para poucos","autoridade, consistência, YouTube, admiração",,0,,,
DEP-069,gallery,comunidade,vertinho-manda-figurinha-brincando-romul,1,,,depoimentos-2026-ready/gallery/gallery_comunidade_vertinho-manda-figurinha-brincando-romul_parte-1.png,IMG_2430.PNG,Vertinho manda figurinha brincando “Rômulo da Empresa Combustível” e recebe risadas.,,"humor, branding, comunidade, proximidade",,1,,,
DEP-070,gallery,comunidade,vertinho-manda-figurinha-brincando-romul,2,,,depoimentos-2026-ready/gallery/gallery_comunidade_vertinho-manda-figurinha-brincando-romul_parte-2.png,IMG_2430.PNG,Vertinho manda figurinha brincando “Rômulo da Empresa Combustível” e recebe risadas.,,"humor, branding, comunidade, proximidade",,1,,,
DEP-071,gallery,comunidade,vertinho-manda-figurinha-brincando-romul,3,,,depoimentos-2026-ready/gallery/gallery_comunidade_vertinho-manda-figurinha-brincando-romul_parte-3.png,IMG_2430.PNG,Vertinho manda figurinha brincando “Rômulo da Empresa Combustível” e recebe risadas.,,"humor, branding, comunidade, proximidade",,0,,,
DEP-072,gallery,comunidade,victor-diz-que-a-equipe-adorou-e-pede-o,,,,depoimentos-2026-ready/gallery/gallery_comunidade_victor-diz-que-a-equipe-adorou-e-pede-o.png,IMG_9207.PNG,Victor diz que a equipe adorou e pede o link da comunidade.,"Victor
Foi muito bom! Todos aqui
gostaram demais! Obrigado
Rômulo Freitas você ganhou
uma equipe que te admira!
Pessoal quer 0 link da comunidade
aqui!","equipe, admiração, demanda, comunidade, prova social",,0,,,
DEP-073,gallery,destravamento,alanis-almeida-diz-que-o-workshop-de-lig,,comp-b,comp03,depoimentos-2026-ready/gallery/gallery_destravamento_alanis-almeida-diz-que-o-workshop-de-lig_comp-b.png,IMG_0101.PNG,Continuação do mesmo depoimento: gratidão a @Rômulo Freitas e à troca da comunidade; fecha com “A palavra que eu tenho é gratidão”.,"Comunidade Pódium: .
112
COMUNIDADE
PODIUM
44 online
batfepapo que vira
funciona. É um
a chave para quem está no limbo
das ligações. Quem está com
receio de participar; eu digo
PARTICIPE! Porque ter pessoas
que estão na ativa e passando
pelas mesmas dificuldades faz
total diferença.
Teve choro, teve risada; teve
ligação e acima de tudo teve
destravamento.
Eu quero agradecer principalmente
Rômulo Freitas por dedicar
ao
tempo para ajudar pessoas
seu
que estão em um momento que ele
também passou; tornando possível
identificar as dificuldades e ajudar
passar por elas.
a
Obrigada à todos que estiveram na
reunião e me deram dicas para
evoluir; acredito que essa troca
ajuda muito principalmente quem
está iniciando.
palavra que eu tenho é gratidão.
A
Obrigada mesmo.
A","agradecimento, destravamento, prova_social, metodo_funcionou, comunidade",,0,,,
DEP-074,gallery,destravamento,aluno-agradece-pela-disciplina-de-estudo,,,,depoimentos-2026-ready/gallery/gallery_destravamento_aluno-agradece-pela-disciplina-de-estudo.png,IMG_4316.PNG,Aluno agradece pela disciplina de estudos e elogia as aulas que geram ideias.,"Obrigado Rômulo; estou criando
uma disciplina que eu achei que
teria, estou trabalhando
nunca
longe chego quase 18.30 tomo
banho e já vou estudar, estou a 2
semanas assim já
Tá incrível cada aula que assisto e
uma ideia nova surgindo","transformação, disciplina, gratidão, aulas",,0,,,
DEP-075,gallery,destravamento,aluno-conta-que-ficou-travado-2-anos-e-a,,,,depoimentos-2026-ready/gallery/gallery_destravamento_aluno-conta-que-ficou-travado-2-anos-e-a.png,IMG_7358.PNG,"Aluno conta que ficou travado 2 anos e, após o Rômulo, foca em 1 canal e sente que “está funcionando”.","Ac
Apollo
Ruan Pug
Uma coisa que 0 Rômulo falou que fez
bastante sentido; é a questão de ter
clareza sobre a nossa empresa.-
Ah cara esse ano tô focado no
feijão. Antes de conhecer 0
arroz e
Rômulo fiquei travado durante 2
anos-
Hoje, estou me sentindo mais leve.
Só que é assim. 1 canal de
prospecção
1,2 no máximo de solução que eu
entrego. Esse ano quero focar em
fazer uma base de clientes.
Etá funcionando
Aí lá para maio; quero começar a
produzir conteúdo massivo","transformação, foco, antes-depois, estratégia",destravamento,2,,,
DEP-076,gallery,destravamento,bruna-travada-para-7-leads,,,,depoimentos-2026-ready/gallery/gallery_destravamento_bruna-travada-para-7-leads.png,IMG_0849.PNG,"Bruna Moeller: de manhã “travadona”; à tarde ligou para 7 leads, falou com gatekeeper sem erro e celebra o avanço.","Bruna Moeller
Boa noite, Rômulo!
Só passando para te dizer isso:
Você é fera! Não só pela aula, que
é fenomenal inclusive; mas hoje
quero agradecer por nos
proporcionar um ambiente; uma
troca verdadeira; você pega tão
junto no workshop que incentiva
todo mundo da comunidade a fazer
mesmo! E é isso que tivemos na
sala de ligação hoje.
19.49
2
De manhã eu tava travadona. Fiz 1
ligação e errei demais com a
secretária kkk Mas de tarde tentei
ligar pra 7 leads no meio das
nossas conversas... Só de tentar
ligar já me tirou um enorme peso!
2 ligações foram atendidas e falei
com gatekepper sem fazer
cagada. Então; considerando que
é um processo; estou super feliz!
kkk
Éum baita avanco nra Bruna de","destravamento, superacao_medo, prospeccao_ativa, agradecimento, prova_social",destravamento; leads; ligacoes; workshop,0,,,
DEP-077,gallery,destravamento,destravei-o-que-havia-travado,1,comp-b,comp02,depoimentos-2026-ready/gallery/gallery_destravamento_destravei-o-que-havia-travado_comp-b_parte-1.png,IMG_7926.PNG,Otavio relata sair do “ciclo do perfeccionismo” (fazia script e não ligava) graças aos conteúdos do Rômulo.,"Comunidade Pódium: Con...
102
COMUNIDADE
PÓDIUM
47 online
Mundo Pódium
que é cada coisa
0
Otavio Lor
Você","perfeccionismo, ação, mentalidade, dor-comum, transformação",,1,,,
DEP-078,gallery,destravamento,destravei-o-que-havia-travado,2,comp-b,comp02,depoimentos-2026-ready/gallery/gallery_destravamento_destravei-o-que-havia-travado_comp-b_parte-2.png,IMG_7926.PNG,Otavio relata sair do “ciclo do perfeccionismo” (fazia script e não ligava) graças aos conteúdos do Rômulo.,"Você
Poooooo
Tu foi uma luz nesse processo
Tava desanimadasso; fazia script,
eu até trocava 0 script sem ligar;
sem testar com nenhuma empresa,
tava no ""ciclo do perfeccionismo""
se não tivesse perfeito eu não
começaria nada; criei listas e não
fiz uma ligação
Até que comecei a acompanhar os
conteúdos, eu entendi que
cenário não precisa ser perfeito pra
dar certo; na verdade 0 cenário só
precisa existir; jogador nenhum é
visto como ""bom jogador"" se
nunca pisou no Campo; não é?
Rômulo mostrou isso; acredito que
pra todos aqui","perfeccionismo, ação, mentalidade, dor-comum, transformação",,0,,,
DEP-079,gallery,destravamento,frustracao-com-metas-procrastinacao-em-p,1,,,depoimentos-2026-ready/gallery/gallery_destravamento_frustracao-com-metas-procrastinacao-em-p_parte-1.png,IMG_7924.PNG,"Otavio Lopes inicia depoimento longo: frustração com metas, procrastinação em prospecção e busca por quem “entra em campo”.","Comunidade Pódium: Con..
103
COMUNIDADE
Affonso Sim, Ana Carolina, André N.
PÓDIUM
Mundo Pódium
que é cada coisa
0
Mensagem não lida:","transformação, prospecção, prática-vs-teoria, depoimento-longo",,1,,,
DEP-080,gallery,destravamento,frustracao-com-metas-procrastinacao-em-p,2,,,depoimentos-2026-ready/gallery/gallery_destravamento_frustracao-com-metas-procrastinacao-em-p_parte-2.png,IMG_7924.PNG,"Otavio Lopes inicia depoimento longo: frustração com metas, procrastinação em prospecção e busca por quem “entra em campo”.","Otavio Lor
Murilo Xa
Galera; 0 que muda na nossa vida são
pequenas decisões que tomamos.
Decisão pelo workshop foi a decisão cert.
Rômulo é fera; conheci 0 trabalho
dele quando tava me sentindo
frustrado por não chegar nem no
1% das metas traçadas e por que
estava postergando demais em
prospecções, queria um tipo de
conteúdo de alguém que entra em
campo pra depois ensinar; 80%
dos que tem por aí na internet; só
ensina a teoria que nem eles
acreditam; nunca entram no jogo; é
típica frase ""técnico não joga"" só
a
que em vendas não funciona assim
Aí pesquisando e procurando pela
internet; achei 0 canal da
combustível","transformação, prospecção, prática-vs-teoria, depoimento-longo",workshop,2,,,
DEP-081,gallery,destravamento,lawria-melo-agradece-e-diz-que-conselhos,,,,depoimentos-2026-ready/gallery/gallery_destravamento_lawria-melo-agradece-e-diz-que-conselhos.png,IMG_2870.PNG,Lawria Melo agradece e diz que conselhos/transformação vão além dos negócios (Elite/Escuderia).,"Lawria Melo
Você
Um agradecimento em especial aos
mentorados da Elite e da Escuderia, que
estão alcançando um patamar mais profu.
Gratidão; mestre!
Estamos levando cada conselho e
cada transformação para além dos
negócios","gratidão, transformação pessoal, mentoria",mentoria,0,,,
DEP-082,gallery,destravamento,mensagem-parabeniza-por-ter-comprado-o-a,,,,depoimentos-2026-ready/gallery/gallery_destravamento_mensagem-parabeniza-por-ter-comprado-o-a.png,IMG_0629.PNG,"Mensagem parabeniza por ter “comprado o ativo mais valioso, o tempo”, sem desperdiçar mais a vida.","Você comprou seu ativo mais
valioso; 0 tempo; e assim você não
desperdiça mais a vida, parabéns
fera","mindset, agradecimento, prova_social",,0,,,
DEP-083,gallery,destravamento,michael-descreve-as-salas-com-romulo-com,,,,depoimentos-2026-ready/gallery/gallery_destravamento_michael-descreve-as-salas-com-romulo-com.png,IMG_9925.PNG,Michael descreve as salas com Rômulo como terapia contra ansiedade e o elogia como mentor.,"Michael
Falar a verdade, não sei vocês mas
estar numa sala com a galera e 0
Rômulo como professor tem sido
uma terapia pra mim. Acalma muito
a minha ansiedade. Meus parceiros
aí puxam dúvidas que muitas vezes
tbm são minhas. E essa troca que
temos de informações e bom
demais. Me sinto mais focado
quando tô de duas a três vezes
reunido com vocês galera
Parabéns @Rômulo Freitas tem
sido um mentor; um psicólogo em
algumas ligações kkk TU não e um
pai e ""meu prefetchu""","mentoria, ansiedade, comunidade, foco, vínculo emocional",mentoria,0,,,
DEP-084,gallery,destravamento,motivacao-mentoria-mindset-prova-social,1,,,depoimentos-2026-ready/gallery/gallery_destravamento_motivacao-mentoria-mindset-prova-social_parte-1.png,IMG_4253.PNG,Aluna compartilha print da mentoria em grupo e reflexão sobre preparação e oportunidade.,"Alanis Aln
P SoD Podium
Cuinla da Plalalotmna","motivação, mentoria, mindset, prova social, comunidade",mentoria,1,,,
DEP-085,gallery,destravamento,motivacao-mentoria-mindset-prova-social,2,,,depoimentos-2026-ready/gallery/gallery_destravamento_motivacao-mentoria-mindset-prova-social_parte-2.png,IMG_4253.PNG,Aluna compartilha print da mentoria em grupo e reflexão sobre preparação e oportunidade.,"RO
MJ
Galera, a vida é feita de momentos
oportunidades.
e
Sorte é 0 encontro da
oportunidade com a preparação.
Se você não se esforça para
adquirir conhecimento; quando a
oportunidade chegar você fica pra
trás.
A","motivação, mentoria, mindset, prova social, comunidade",mentoria,0,,,
DEP-086,gallery,destravamento,ruan-pugas-diz-que-a-clareza-sobre-a-emp,,,,depoimentos-2026-ready/gallery/gallery_destravamento_ruan-pugas-diz-que-a-clareza-sobre-a-emp.png,IMG_7357.PNG,Ruan Pugas diz que a clareza sobre a empresa ensinada pelo Rômulo reduziu travamentos e ansiedade.,"Ruan Puga
Uma coisa que 0 Romulo talou que
fez bastante sentido; é a questão
de ter clareza sobre a nossa
empresa.
Isso me travava muito. Não ter na
cabeça uma caixinha com
sua
todas as suas soluções, gera muita
ansiedade
Editada 09.55","clareza, mentalidade, mentoria, alívio",,1,,,
DEP-087,gallery,destravamento,se-nao-fosse-voce-eu-nao-teria-chegado-o,1,,,depoimentos-2026-ready/gallery/gallery_destravamento_se-nao-fosse-voce-eu-nao-teria-chegado-o_parte-1.png,42159901-53B3-4E4A-9E2C-65DE109A03DB.PNG,Vinicius Nascimento agradece o mentor Rômulo: “se não fosse você eu não teria chegado onde estou”.,"Comunidade Pódium: C..
164
COMUNIDADE
PODIUM
18 online
Vinicius Nascimento
Parabéns meu amigo e mentor
Rômulo; que Deus abençoe
grandemente sua vida, eu sempre
falo e repito se não fosse você eu
não teria chegado onde estou;
você além de ter todo
conhecimento sabe também
passar isso; todo sucesso do
mundo pra ti meu amigo","mentoria, gratidão, transformação, autoridade, comunidade",mentoria,0,,,
DEP-088,gallery,destravamento,se-nao-fosse-voce-eu-nao-teria-chegado-o,2,,,depoimentos-2026-ready/gallery/gallery_destravamento_se-nao-fosse-voce-eu-nao-teria-chegado-o_parte-2.png,42159901-53B3-4E4A-9E2C-65DE109A03DB.PNG,Vinicius Nascimento agradece o mentor Rômulo: “se não fosse você eu não teria chegado onde estou”.,"Felipe Wdl9
Rapaz vocês esqueceram mesmo
Felipe Wdl9
e faz 0 L
Meus amigos'! Muito obrigado
pela lembrança'!! Fico feliz que
esteja ajudando vocês!!","mentoria, gratidão, transformação, autoridade, comunidade",mentoria,0,,,
DEP-089,gallery,metodo,compara-disparo-whatsapp-e-mail-fracos-v,,comp-a,comp04,depoimentos-2026-ready/gallery/gallery_metodo_compara-disparo-whatsapp-e-mail-fracos-v_comp-a.png,IMG_4185.PNG,Compara disparo/WhatsApp/e-mail fracos vs cold call que “muda bem”.,"Disparo em massa e
prospecção apenas
por mensagem é um desafio, você deixa na
opção de te responder;_
mão do cliente a
Eu tentei, com 3 números de
telefone, por que decidi testar 3
modelos de abordagem e contexto;
teve um que se saiu muito bem
Mas de qualquer maneira; é muito
disparo pra pouco resultado; são
10 pra 3 responderem só bom
dia,
e uns dois se interessarem
restante ficam várias mensagens
que eu mandei sem resposta
alguma; tipo falar com as paredes
Também fiz por email, a taxa de
abertura é quase zero","cold call, validação de método, anti-disparo, prospecção",cold_call,0,,,
DEP-090,gallery,metodo,compara-disparo-whatsapp-e-mail-fracos-v,,comp-c,comp04,depoimentos-2026-ready/gallery/gallery_metodo_compara-disparo-whatsapp-e-mail-fracos-v_comp-c.png,IMG_4187.PNG,"Gilson admite: outros canais ajudam, mas cold call é o caminho.","Gilson Cas
Eu acho válido como ""mais um
ponto de contato"" . Mas não tem
jeito; cold call é
caminho kkkk
Eu relutei um tempo até aceitar","cold call, quebra de objeção, aceitação, peer proof",cold_call,1,,,
DEP-091,gallery,metodo,compara-disparo-whatsapp-e-mail-fracos-v,,comp-d,comp04,depoimentos-2026-ready/gallery/gallery_metodo_compara-disparo-whatsapp-e-mail-fracos-v_comp-d.png,IMG_4188.PNG,"Otavio confirma que fugiu de cold call, mas WhatsApp não gera autoridade.","Gilson Ca
Eu acho válido como ""mais um ponto de
Mas não tem jeito, cold call é 0
contato""
caminho kkkk
Eu também, arrumei diversas
maneiras de fugir de cold calls,
mas não tem jeito
WhasApp além de ser fraco
É quase impossível passar
autoridade mandando 20
mensagens pra ter 1 resposta
Pra mim whatsapp funcionou bem
quando mandei tipo assim
Mensagem de boa tarde ou bom
dia
Me apresentando","cold call, autoridade, anti-WhatsApp, peer validation",cold_call,2,,,
DEP-092,gallery,metodo,elogia-aula-de-prospeccao-no-youtube-com,,,,depoimentos-2026-ready/gallery/gallery_metodo_elogia-aula-de-prospeccao-no-youtube-com.png,IMG_6738.PNG,"Elogia aula de prospecção no YouTube, comunicação e follow-ups 1–4.","Rapaz; assistindo a aula de
prospecção no YouTube aqui!
Que sabedoria para conduzir a
conversa cara, que comunicação
top!
Ea parte de fazer 1,2,3,4 follow-
ups é uma resiliência absurda! Que
Rômulo
qualidade; mestre
Freitas","prospecção, follow-up, comunicação, YouTube",,0,,,
DEP-093,gallery,metodo,lead-diz-que-o-conteudo-free-abriu-a-men,,,,depoimentos-2026-ready/gallery/gallery_metodo_lead-diz-que-o-conteudo-free-abriu-a-men.png,IMG_6211.PNG,Lead diz que o conteúdo free abriu a mente em 5 dias e quer aumentar prospecção.,"noirsolutio
Conversa comercial
Saiba mais sobre as conversas comerciais
Ver perfil
14.45
Fala mano, Bão?
Tenho poucos clientes ainda, minha
captação e no porta a porta, tô
iniciando querendo fazer caixa e sair
da CLT. Vc tem algum treinamento
de processos um passo a passo??
Teus conteúdos são muitos bons no
Free, cheguei a ver teu site mas
fiquei na dúvida se era pra mim
aquela aula que daria foi um valor
bem acessível
Em 5 dias se não me engano com
0
que vc mostrou no seu perfil abriu
muito a minha mente e tô com
sangue no olho pra aumentar os
prospecção
números de
Aceitar solicitação de contato de noirsolutio
(noirsolutio)?
Se você aceitar, as pessoas também poderão ligar para você
informações como seu status de atividade e quando
ver
você leu as mensagens.","prospecção, conteúdo free, desejo de compra, CLT→próprio",,0,,,
DEP-094,gallery,metodo,mentoria-cirurgica-cristiane-pede-lista,1,comp-b,comp07,depoimentos-2026-ready/gallery/gallery_metodo_mentoria-cirurgica-cristiane-pede-lista_comp-b_parte-1.png,IMG_1718.PNG,Felipe: uma das melhores 4h de aula do ano; Tiago: “Entrega 100% sem enrolação. Conteúdo de ouro.”,"Felipe Oliv
conheci totalmente no aleatorio
procurando material para estudar e
foi uma das melhores 4h de aulas
que tive todo esse ano.","qualidade_conteudo, agradecimento, prova_social, metodo_funcionou",,2,,,
DEP-095,gallery,metodo,mentoria-cirurgica-cristiane-pede-lista,2,comp-b,comp07,depoimentos-2026-ready/gallery/gallery_metodo_mentoria-cirurgica-cristiane-pede-lista_comp-b_parte-2.png,IMG_1718.PNG,Felipe: uma das melhores 4h de aula do ano; Tiago: “Entrega 100% sem enrolação. Conteúdo de ouro.”,"Tiag(
Entrega 100% sem enrolação.
Conteúdo de ouro. Parabéns","qualidade_conteudo, agradecimento, prova_social, metodo_funcionou",,1,,,
DEP-096,gallery,metodo,michael-elogia-o-instagram-do-expert-e-d,,,,depoimentos-2026-ready/gallery/gallery_metodo_michael-elogia-o-instagram-do-expert-e-d.png,IMG_7001.PNG,Michael elogia o Instagram do expert e diz que está “apanhando” na transição para prospecção digital.,"Michael M
Cu
Você
Meu amigo; 0 YouTube é 0 ouro! Se
precisar de algo me avisa!
Eu vi pelo Instagram; vc é muito
bom. Eu venho de um tipo
totalmente diferente de venda
(experiência com venda presencial
e como booker) comecei esse mês
primeira vez a prospectar e
pela
fechar reunião; estou apanhando
muito
18.44","dor-do-cliente, autoridade, transição, prospecção",,1,,,
DEP-097,gallery,metodo,o-ouro-esta-no-follow-up,,,,depoimentos-2026-ready/gallery/gallery_metodo_o-ouro-esta-no-follow-up.png,IMG_8004.PNG,Regularize Health reforça a frase do Rômulo: “O OURO ESTÁ NO FOLLOW-UP”.,"Regulariz
Galera.
escutem 0 que 0
Rômulo Freitas diz: 0 OURO
ESTÁ NO FOLLOW-UP
REQULARIZE","follow-up, autoridade, insight, comunidade",,1,,,
DEP-098,gallery,metodo,pablo-diz-que-o-metodo-virou-a-chave-nas,,,,depoimentos-2026-ready/gallery/gallery_metodo_pablo-diz-que-o-metodo-virou-a-chave-nas.png,IMG_9919.PNG,Pablo diz que o método “virou a chave” nas abordagens e recomenda não ficar para trás.,"Pablo Feri
Pessoal; estou acompanhando
método do Rômulo e isso virou a
chave pra mim. Agora sei abordar
clientes com estratégia e estou
feliz com 0 suporte. Hoje mesmo
participei de uma mentoria
particular grátis kkk; porque a
galera não apareceu. Então; se
alguém está subestimando; pense
duas vezes: 0 conteúdo é de valor.
Estou aplicando e recomendo que
vocês não fiquem pra trás!
Editada 11:11
222
222
222
tem galera dormindo","virada de chave, método, suporte, recomendação",mentoria,1,,,
DEP-099,gallery,metodo,prospeccao-melhoria-comentario-ig-prova,1,,,depoimentos-2026-ready/gallery/gallery_metodo_prospeccao-melhoria-comentario-ig-prova_parte-1.png,IMG_7473.PNG,"eneas.leandro comenta que, após acompanhar o Rômulo, melhorou muito a prospecção.","Novo
eneas leandro comentou: Depois que
2145
passei a acompanhar 0 trabalho do
Rômulo; melhorei muito a minha
prospecção!! 22 s","prospecção, melhoria, comentário-IG, prova-social",,0,,,
DEP-100,gallery,metodo,prospeccao-melhoria-comentario-ig-prova,2,,,depoimentos-2026-ready/gallery/gallery_metodo_prospeccao-melhoria-comentario-ig-prova_parte-2.png,IMG_7473.PNG,"eneas.leandro comenta que, após acompanhar o Rômulo, melhorou muito a prospecção.",Responder,"prospecção, melhoria, comentário-IG, prova-social",,0,,,
DEP-101,gallery,metodo,show-follow-up-na-aula-gratuita-se-ident,,,,depoimentos-2026-ready/gallery/gallery_metodo_show-follow-up-na-aula-gratuita-se-ident.png,IMG_9670.PNG,"Pablo aprendeu No-Show/Follow-Up na aula gratuita, se identificou com closer e já pegou o workshop.","Pablo Fernandes
C 0 c
U
Na aula gratuita aprendi sobre No -
Follow-Up; não conhecia
Show e
nada disso. Curti muito as
estratégias de negociação e me
identifiquei demais. Tô até me
apaixonando por essa parada de
closer. Como web designer; isso vai
me ajudar muito nas reuniões. Já
peguei 0 workshop e tô animado!","aula gratuita, conversão, closer, web designer, workshop",workshop,0,,,
DEP-102,gallery,metodo,thierry-lemos-chama-a-entrega-de-romulo,1,,,depoimentos-2026-ready/gallery/gallery_metodo_thierry-lemos-chama-a-entrega-de-romulo_parte-1.png,IMG_0571.PNG,Continuação do fio: Thierry Lemos chama a entrega de Rômulo de excelente; João Pedro Piloto recomenda mentorias em grupo.,"Comunidade Pódium: C..
76
PÓDIUM
Affonso Sim; Boia, Brendha, Bruno, B.
Negociação","prova_social, agradecimento, mentoria, metodo_funcionou",mentoria,0,,,
DEP-103,gallery,metodo,thierry-lemos-chama-a-entrega-de-romulo,2,,,depoimentos-2026-ready/gallery/gallery_metodo_thierry-lemos-chama-a-entrega-de-romulo_parte-2.png,IMG_0571.PNG,Continuação do fio: Thierry Lemos chama a entrega de Rômulo de excelente; João Pedro Piloto recomenda mentorias em grupo.,"Precificação
Outro
Mostrar votos","prova_social, agradecimento, mentoria, metodo_funcionou",mentoria,0,,,
DEP-104,gallery,metodo,thierry-lemos-chama-a-entrega-de-romulo,3,,,depoimentos-2026-ready/gallery/gallery_metodo_thierry-lemos-chama-a-entrega-de-romulo_parte-3.png,IMG_0571.PNG,Continuação do fio: Thierry Lemos chama a entrega de Rômulo de excelente; João Pedro Piloto recomenda mentorias em grupo.,"Thierre Lemos
Yuri Trambaioli
Fala pessoal, só pra deixar um feedback,
acabei de fazer uma call com 0 @Rômulo
Freitas, e tô bem feliz!
Rômulo é sensacional. A entrega
dele é excelente; porque faz 0 que
gosta e faz com amor.
Que Deus te abençoe sempre
mestre","prova_social, agradecimento, mentoria, metodo_funcionou",mentoria,0,,,
DEP-105,gallery,metodo,thierry-lemos-chama-a-entrega-de-romulo,4,,,depoimentos-2026-ready/gallery/gallery_metodo_thierry-lemos-chama-a-entrega-de-romulo_parte-4.png,IMG_0571.PNG,Continuação do fio: Thierry Lemos chama a entrega de Rômulo de excelente; João Pedro Piloto recomenda mentorias em grupo.,"João Pedro Piloto
Amigos que puderem participar
das mentorias em grupo;
aproveitem!","prova_social, agradecimento, mentoria, metodo_funcionou",mentoria,0,,,
DEP-106,gallery,metodo,yuri-trambaioli-elogia-call-com-romulo-f,1,,,depoimentos-2026-ready/gallery/gallery_metodo_yuri-trambaioli-elogia-call-com-romulo-f_parte-1.png,IMG_0570.PNG,"Yuri Trambaioli elogia call com @Rômulo Freitas: entrega valor, ouve o caso e dá soluções assertivas; recomenda para dores da operação.","Comunidade Pódium: C..
76
PÓDIUM
2 online
interessante; porém ele não está
sabendo como conduzir essa
apresentação; ele já faz serviço
mas não tem clareza de como
ofertar osso","agradecimento, mentoria, prova_social, metodo_funcionou, entrega_de_valor",,0,,,
DEP-107,gallery,metodo,yuri-trambaioli-elogia-call-com-romulo-f,2,,,depoimentos-2026-ready/gallery/gallery_metodo_yuri-trambaioli-elogia-call-com-romulo-f_parte-2.png,IMG_0570.PNG,"Yuri Trambaioli elogia call com @Rômulo Freitas: entrega valor, ouve o caso e dá soluções assertivas; recomenda para dores da operação.","Yuri Trambaioli
Fala pessoal, só pra deixar um
feedback; acabei de fazer uma call
Rômulo Freitas, e tô bem
com 0
feliz!
Ele entrega bastante valor mesmo,
atenção teu caso em
ouve com
específico; te entrega soluções
assertivas.
Quem ainda não fez e tá tendo dor
de cabeça com alguma parte da
operação; recomendo demais
bater um papo com ele!
Rômulo Freitas
Valeu demais
(a
Obrigado pelo feedback @Yuri
Trambaioli gosto realmente de
ajudar vocês e entender melhor do
momentol","agradecimento, mentoria, prova_social, metodo_funcionou, entrega_de_valor",,0,,,
DEP-108,gallery,metricas,10-reunioes-marcadas,,comp-b,comp10,depoimentos-2026-ready/gallery/gallery_metricas_10-reunioes-marcadas_comp-b.png,IMG_9671.PNG,Aluno relata R1 → R2 → link/contrato → assinatura e pagamento no mesmo ciclo.,"foi aquele que eu fiz a r1 ontem e
hoje apresentei a R2
Fiz 0 link de pagamento;
contrato.
assinou e fez 0 pagamento
muito bom!
Ahhhh garoto!l","fechamento, R1/R2, resultado, celebração",,0,,,
DEP-109,gallery,metricas,alanis-almeida-diz-que-o-workshop-de-lig,,comp-a,comp03,depoimentos-2026-ready/gallery/gallery_metricas_alanis-almeida-diz-que-o-workshop-de-lig_comp-a.png,IMG_0100.PNG,"Alanis Almeida diz que o Workshop de ligações “REALMENTE funciona”, com choro, risada, ligação e destravamento; incentiva participação.","Comunidade Pódium: .
112
COMUNIDADE
PODIUM
44 online
Alanis Alm
Terminou agora 0 Workshop de
ligações e eu venho com
propriedade dizer que REALMENTE
funciona. É um bate papo que vira
a chave para quem está no limbo
das ligações. Quem está com
receio de participar; eu digo
PARTICIPE! Porque ter pessoas
que estão na ativa e passando
pelas mesmas dificuldades faz
total diferença.
Teve choro, teve risada, teve
ligação e acima de tudo teve
destravamento.
Eu quero agradecer principalmente
Rômulo Freitas por dedicar
ao
tempo para ajudar pessoas
seu
que estão em um momento que ele
também passou, tornando possível
identificar as dificuldades e ajudar
a passar por elas.
Obrigada à todos que estiveram na
reunião e me deram dicas para
evoluir, acredito que essa troca
aiuda muito nrincinalmente auem","metodo_funcionou, destravamento, agradecimento, prova_social, comunidade",workshop,1,,,
DEP-110,gallery,metricas,aluno-celebra-alinhamento-de-script-ao-v,,,,depoimentos-2026-ready/gallery/gallery_metricas_aluno-celebra-alinhamento-de-script-ao-v.png,IMG_4254.PNG,Aluno celebra alinhamento de script ao vivo e agradece a comunidade.,"Leandro
0 cara simplesmente alinhou meu
script ao vivo!!! Agora é agendar e
vender!""
Rômulo Freitas que benção ter
chagado nesta comunidade.
Gratidão""","gratidão, script, resultado imediato, comunidade",,1,,,
DEP-111,gallery,metricas,aluno-chama-os-videos-de-ligacoes-de-fen,,,,depoimentos-2026-ready/gallery/gallery_metricas_aluno-chama-os-videos-de-ligacoes-de-fen.png,IMG_7097.PNG,Aluno chama os vídeos de ligações de “fenomenais” e pergunta sobre confirmar o dono via Instagram/CNPJ.,"Rômulo Freitas esses últimos
vídeos ali das ligações estão
fenomenais, muito bom mesmo.
Uma dúvida, quando você pede
para a secretária passar para
dono e você fala 0 nome dele, você
chega e dar uma olhada no insta
pra confirmar de certeza se é 0
dono mesmo; 0 qual você viu no
cartão cnpj?
Porque tem casos que 0 sócio no
cartão CNPJ é a mãe, ou pai do
dono; ou até mesmo filho kkk","elogio, ligações, engajamento, dúvida-técnica",,0,,,
DEP-112,gallery,metricas,aluno-diz-que-o-workshop-valeu-muito-a-p,,,,depoimentos-2026-ready/gallery/gallery_metricas_aluno-diz-que-o-workshop-valeu-muito-a-p.png,IMG_6761.PNG,Aluno diz que o workshop valeu muito a pena e elogia a vontade do Rômulo de gerar resultados.,"Você
Mais um Workshop Entregue!
Obrigado pela confiança pessoal!
Rendeu ein??
Show Rômulo, valeu muito a pena
participar. Fazia tempo que não via
alguém com tanta vontade de fazer
nós termos resultados","workshop, gratidão, resultados, engajamento",workshop,0,,,
DEP-113,gallery,metricas,aluno-elogia-a-aula-e-fala-em-implementa,,,,depoimentos-2026-ready/gallery/gallery_metricas_aluno-elogia-a-aula-e-fala-em-implementa.png,IMG_6055.PNG,Aluno elogia a aula e fala em implementar para alavancar resultados.,"Implementar e
Balta aula Agora e
alavancar os resultados","aula, motivação, resultados, satisfação",,1,,,
DEP-114,gallery,metricas,aluno-elogia-o-workshop-e-diz-que-agora,1,,,depoimentos-2026-ready/gallery/gallery_metricas_aluno-elogia-o-workshop-e-diz-que-agora_parte-1.png,IMG_6054.PNG,Aluno elogia o workshop e diz que agora as ligações vão sair.,"Comunidade Pódium: Cons..
90
COMUNIDADE
26 online
PÓDIUM
mais um vvorksnop enrregue, oprigaao
pela confiança amigos!!
Infelizmente não consegui ver ao
vivo; gravação sai que hrs?
1
@Thiago Rangel
em alguns
minutos, já te aviso","workshop, confiança, ligações, entusiasmo",workshop,0,,,
DEP-115,gallery,metricas,aluno-elogia-o-workshop-e-diz-que-agora,2,,,depoimentos-2026-ready/gallery/gallery_metricas_aluno-elogia-o-workshop-e-diz-que-agora_parte-2.png,IMG_6054.PNG,Aluno elogia o workshop e diz que agora as ligações vão sair.,"Luiz Cataro(
Você
Mais um Workshop entregue, obrigado
confiança amigos!!
pela
Muitoooo bom ! Obrigado Rômulo
agora as ligações sai certezaaaa
kkkkk","workshop, confiança, ligações, entusiasmo",workshop,1,,,
DEP-116,gallery,metricas,aluno-elogia-o-workshop-e-diz-que-agora,3,,,depoimentos-2026-ready/gallery/gallery_metricas_aluno-elogia-o-workshop-e-diz-que-agora_parte-3.png,IMG_6054.PNG,Aluno elogia o workshop e diz que agora as ligações vão sair.,"Luiz Cataroc
Thiago Rangel
Vou assistir hj pra amanhã já tacar fogo no
parquinho
Você vai gostar de mais","workshop, confiança, ligações, entusiasmo",workshop,1,,,
DEP-117,gallery,metricas,aluno-fecha-a-semana-com-5-r1-e-1-r2-e-d,,,,depoimentos-2026-ready/gallery/gallery_metricas_aluno-fecha-a-semana-com-5-r1-e-1-r2-e-d.png,IMG_2432.PNG,Aluno fecha a semana com 5 R1 e 1 R2 e diz que o workshop ajudou demais.,"Rômulo Freitas semana
terminando com 5 R1 marcadas e 1
R2 pra semana q vem; workshop
ajudou dms!!","resultados, métricas, workshop, vendas, R1/R2",workshop,0,,,
DEP-118,gallery,metricas,andre-mindset-ligacoes,,comp-a,comp01,depoimentos-2026-ready/gallery/gallery_metricas_andre-mindset-ligacoes_comp-a.png,IMG_2435.PNG,"André conta que na 2ª semana ligando “parece outra pessoa”, contrastando com o medo do 1º dia.","André
Galera; hoje foi a segunda semana
ligando e pqp; pareço outra pessoa
primeira semana no primeiro dia
A
cagando todo kkkk
eu tava me","transformação, confiança, medo, ligações, informal",,1,,,
DEP-119,gallery,metricas,andre-mindset-ligacoes,,comp-c,comp01,depoimentos-2026-ready/gallery/gallery_metricas_andre-mindset-ligacoes_comp-c.png,IMG_2436 (1).PNG,Versão mais limpa do depoimento de mindset do André sobre a primeira ligação.,"André
Você
Isso que ligações fazem!
Quando vc termina a primeira
ligação e percebe que você não
explodiu como sua mente achava
Vc ve que é simples
Eu tenho mania de querer controlar
tudo e querer saber de tudo
Comecei a pensar assim ""eu so
preciso ligar; na hora q atender n é
problema meu; é do andre do
futuro
0 andre de agora so precisa ligar
Editada 18.56","mindset, ansiedade, ligações, transformação",,1,,,
DEP-120,gallery,metricas,andre-neto-detalha-contrato-de-6-meses-r,1,,,depoimentos-2026-ready/gallery/gallery_metricas_andre-neto-detalha-contrato-de-6-meses-r_parte-1.png,IMG_2879.PNG,André Neto detalha contrato de 6 meses (R$1.000 + LP) e plano de CRM/tráfego.,"Comunidade Pódium:.
82
COMUNIDADE
Affonso Sim; André Neto. , Boia, B.
PÓDIUM
André Neto.
Galera, faz nem uma semana que conheci a
Rômulo e já posso
comunidade e
0
agradecer esse primeiro contrato ao cont.
Que felicidade esse feedback
André'! Acelera que é só 0 começo","resultado rápido, fechamento, CRM, tráfego pago, prova social",valor_rs,0,,,
DEP-121,gallery,metricas,andre-neto-detalha-contrato-de-6-meses-r,2,,,depoimentos-2026-ready/gallery/gallery_metricas_andre-neto-detalha-contrato-de-6-meses-r_parte-2.png,IMG_2879.PNG,André Neto detalha contrato de 6 meses (R$1.000 + LP) e plano de CRM/tráfego.,"André Neto.
Foi um contrato de 6 meses
(1.000) + 800 de LP; como um
representante comercial aqui da
igreja.
Implementarei nesse fim de ano só
tráfego
CRM e LP. Janeiro a Abril
pago!
3","resultado rápido, fechamento, CRM, tráfego pago, prova social",valor_rs,0,,,
DEP-122,gallery,metricas,andre-neto-detalha-contrato-de-6-meses-r,3,,,depoimentos-2026-ready/gallery/gallery_metricas_andre-neto-detalha-contrato-de-6-meses-r_parte-3.png,IMG_2879.PNG,André Neto detalha contrato de 6 meses (R$1.000 + LP) e plano de CRM/tráfego.,"André Neto_
CUIIIU
ue
CUIIICICIdi
aqui da igreja.
Aí sim! Doce como mel""!","resultado rápido, fechamento, CRM, tráfego pago, prova social",valor_rs,1,,,
DEP-123,gallery,metricas,andre-neto-detalha-contrato-de-6-meses-r,4,,,depoimentos-2026-ready/gallery/gallery_metricas_andre-neto-detalha-contrato-de-6-meses-r_parte-4.png,IMG_2879.PNG,André Neto detalha contrato de 6 meses (R$1.000 + LP) e plano de CRM/tráfego.,André Neto.,"resultado rápido, fechamento, CRM, tráfego pago, prova social",valor_rs,0,,,
DEP-124,gallery,metricas,brenda-r2-ao-vivo,1,comp-a,comp09,depoimentos-2026-ready/gallery/gallery_metricas_brenda-r2-ao-vivo_comp-a_parte-1.png,0A5EC8A8-A263-490F-A364-4270DE853606.PNG,"Brenda relata que, após reunião, o lead entrou na chamada com o Rômulo, entregou tudo e marcou R2 — “quem sabe faz ao vivo”.","Comunidade Pódium: C..
159
COMUNIDADE
PODIUM
42 online
CUIHIU
diferencial pra quem esbanja
parede quebrada e tocar sino.
Se orienta pessoal, a vida real é
bem mais complexa do que no
mostram no Instagram.
A","resultado ao vivo, R2, prova social, sala de ligação, autoridade",,1,,,
DEP-125,gallery,metricas,brenda-r2-ao-vivo,1,comp-b,comp09,depoimentos-2026-ready/gallery/gallery_metricas_brenda-r2-ao-vivo_comp-b_parte-1.png,F5AA7ACC-AA9D-4341-9F58-00692A797466.PNG,Alanis elogia entrega completa vs. Instagram fake; Brenda confirma R2 marcado ao vivo com o Rômulo.,"Comunidade Pódium: C..
159
COMUNIDADE
PODIUM
42 online
Romulo; você é fera demais.
Mais de 700 pessoas nessa
comunidade e tem gente que ainda
está correndo atrás de script
pronto; discador milagroso e ações
mágicas que só vão trazer falsa
sensação de produtividade.
Eu nunca vi ninguém nessa internet
entregando 0 conteúdo completo
como você entrega e esse
0
diferencial pra quem esbanja
parede quebrada e tocar sino..
Se orienta pessoal, a vida real é
bem mais complexa do que no
mostram no Instagram.","autenticidade, resultado ao vivo, R2, autoridade, anti-hype",,1,,,
DEP-126,gallery,metricas,brenda-r2-ao-vivo,2,comp-a,comp09,depoimentos-2026-ready/gallery/gallery_metricas_brenda-r2-ao-vivo_comp-a_parte-2.png,0A5EC8A8-A263-490F-A364-4270DE853606.PNG,"Brenda relata que, após reunião, o lead entrou na chamada com o Rômulo, entregou tudo e marcou R2 — “quem sabe faz ao vivo”.","Brenda Ar:
tive que enu ai
16h, qual não foi minha surpresa
quando saí e vi que 0 cara não só
entrou na chamada com 0 Rômulo,
como entregou tudo e marcou a
R2! quem sabe faz ao vivo!
amanhã estarei na sala de ligação;
sem dúvida!","resultado ao vivo, R2, prova social, sala de ligação, autoridade",,1,,,
DEP-127,gallery,metricas,brenda-r2-ao-vivo,2,comp-b,comp09,depoimentos-2026-ready/gallery/gallery_metricas_brenda-r2-ao-vivo_comp-b_parte-2.png,F5AA7ACC-AA9D-4341-9F58-00692A797466.PNG,Alanis elogia entrega completa vs. Instagram fake; Brenda confirma R2 marcado ao vivo com o Rômulo.,"Brenda Ar:
tive que enu ai
16h, qual não foi minha surpresa
quando saí e vi que 0 cara não só
entrou na chamada com 0 Rômulo,
como entregou tudo e marcou a
R2! quem sabe faz ao vivo!
amanhã estarei na sala de ligação;
sem dúvida!","autenticidade, resultado ao vivo, R2, autoridade, anti-hype",,1,,,
DEP-128,gallery,metricas,brenda-r2-ao-vivo,3,comp-a,comp09,depoimentos-2026-ready/gallery/gallery_metricas_brenda-r2-ao-vivo_comp-a_parte-3.png,0A5EC8A8-A263-490F-A364-4270DE853606.PNG,"Brenda relata que, após reunião, o lead entrou na chamada com o Rômulo, entregou tudo e marcou R2 — “quem sabe faz ao vivo”.","Davi Leão Pódium
Alanis Alr
Romulo; você é fera demais.
Mais de 700 pessoas nessa comunidade.
A verdade é que falar qualquer um
fala, mas no final ficam na mesma
querem enganar com resultados
ou
irreais que qualquer um sabe que
não é verdade.","resultado ao vivo, R2, prova social, sala de ligação, autoridade",,1,,,
DEP-129,gallery,metricas,brendha-boaventura-agradece-conhecimento,1,,,depoimentos-2026-ready/gallery/gallery_metricas_brendha-boaventura-agradece-conhecimento_parte-1.png,IMG_2868.PNG,Brendha Boaventura agradece conhecimento prático e evolução desde a 1ª reunião (Elite/Escuderia).,"Brendha Boaventura
Você
Um agradecimento em especial aos
mentorados da Elite e da Escuderia, que
estão alcançando um patamar mais profu.
Bora pra frente!!
Eu que agradeço por você
compartilhar seu conhecimento de
forma prática e simples de ser
aplicável!
Avançamos muito desde a primeira
reunião. 0 engajamento de todos
da comunidade também contribui
muito para 0 desenvolvimento.","gratidão, mentoria, comunidade, evolução",mentoria,0,,,
DEP-130,gallery,metricas,brendha-boaventura-agradece-conhecimento,2,,,depoimentos-2026-ready/gallery/gallery_metricas_brendha-boaventura-agradece-conhecimento_parte-2.png,IMG_2868.PNG,Brendha Boaventura agradece conhecimento prático e evolução desde a 1ª reunião (Elite/Escuderia).,"Obrigada @Rômulo Freitas por sua
generosidade e paciência","gratidão, mentoria, comunidade, evolução",,0,,,
DEP-131,gallery,metricas,carlos-selva-incentiva-alex-a-acompanhar,1,,,depoimentos-2026-ready/gallery/gallery_metricas_carlos-selva-incentiva-alex-a-acompanhar_parte-1.png,IMG_1731.PNG,Carlos Selva incentiva Alex a acompanhar o método de prospecção do Rômulo para chegar a 20k/mês.,"Comunidade Pódium:.
79
PÓDIUM
og
só você pensar de trás pra frente.
Quantas reuniões para fechar uma
venda aí de pelo menos 1.5 k ? .
quanta demanda você consegue
recolher; em quais canais .
Haha aí começa 0 game.","prova_social, resultado_financeiro, metodo_funcionou, quebra_de_objecao, incentivo",,0,,,
DEP-132,gallery,metricas,carlos-selva-incentiva-alex-a-acompanhar,2,,,depoimentos-2026-ready/gallery/gallery_metricas_carlos-selva-incentiva-alex-a-acompanhar_parte-2.png,IMG_1731.PNG,Carlos Selva incentiva Alex a acompanhar o método de prospecção do Rômulo para chegar a 20k/mês.,"Carlos Sel
AlexNev
Eu até acredito
Mas quem tem 0 método
chegar em 2Ok não é um
ou a fórmula? Pra
movimento aleatório. Existe uma rota. Qu..
Alex; quebra essa crença irmão.
Chegar em 2Ok mês é muito fácil,
principalmente; depois que você
acessa.
E claro; para chegar nisso você vai
precisar do método e fazer sua
parte.
Acompanha 0 Romulo; aprende
método de prospecção e mete
ficha.","prova_social, resultado_financeiro, metodo_funcionou, quebra_de_objecao, incentivo",,3,,,
DEP-133,gallery,metricas,carlos-selva-incentiva-alex-a-acompanhar,3,,,depoimentos-2026-ready/gallery/gallery_metricas_carlos-selva-incentiva-alex-a-acompanhar_parte-3.png,IMG_1731.PNG,Carlos Selva incentiva Alex a acompanhar o método de prospecção do Rômulo para chegar a 20k/mês.,"Carlos Sel
Carlos Se
Alex, quebra essa crença irmão. Chegar em","prova_social, resultado_financeiro, metodo_funcionou, quebra_de_objecao, incentivo",,2,,,
DEP-134,gallery,metricas,cliente-diz-que-consumiu-o-conteudo-e-es,,,,depoimentos-2026-ready/gallery/gallery_metricas_cliente-diz-que-consumiu-o-conteudo-e-es.png,IMG_7223.PNG,Cliente diz que consumiu o conteúdo e está bem mais segura em prospecções e reuniões.,"contcudc s gratuitas
Cara, incrível como eu encontrei
você aqui no insta; consumi todos
aplicando e
seus conteúdos e tô
bem mais segura em fazer as
prospecções
e as reuniões.
Obrigada mesmo pelo lindo
trabalho!","confiança, prospecção, reuniões, gratidão, aplicação",,0,,,
DEP-135,gallery,metricas,cliente-relata-negocio-fechado-na-call-a,,,,depoimentos-2026-ready/gallery/gallery_metricas_cliente-relata-negocio-fechado-na-call-a.png,IMG_7287.PNG,Cliente relata negócio fechado na call após colocar as ligações em prática.,"Segundo feedback
Também depois de colocar em
prática ligações;
NEGOCIO FECHADO NA CALL","fechamento, ligações, resultado-prático, prova-social",,0,,,
DEP-136,gallery,metricas,confianca-resultado-reuniao-gratidao,1,,,depoimentos-2026-ready/gallery/gallery_metricas_confianca-resultado-reuniao-gratidao_parte-1.png,IMG_6416.PNG,Mesmo caso da pizzaria + “nem fiquei nervoso” graças aos insights.,"Michael Oliveira
Acabei uma reunião agora com
uma pizzaria, vamos R2 semana
pediu pra eu montar
que vem e ele
projeto de marketing pra ele
um
Matheus Diegues entrou usando 0 link do
grupo","confiança, resultado, reunião, gratidão",,0,,,
DEP-137,gallery,metricas,confianca-resultado-reuniao-gratidao,2,,,depoimentos-2026-ready/gallery/gallery_metricas_confianca-resultado-reuniao-gratidao_parte-2.png,IMG_6416.PNG,Mesmo caso da pizzaria + “nem fiquei nervoso” graças aos insights.,"Michael Oliveira
Rômulo Freitas tu e brabo
demais nos ensinamentos
14.32
Mensagem não lida: 1
Nem fiquei nervoso na reunião pq
peguei todos os insigths que tu
deu
14.32","confiança, resultado, reunião, gratidão",,0,,,
DEP-138,gallery,metricas,davi-leao-afirma-que-3-das-5-reunioes-vi,1,,,depoimentos-2026-ready/gallery/gallery_metricas_davi-leao-afirma-que-3-das-5-reunioes-vi_parte-1.png,IMG_2433.PNG,Davi Leão afirma que 3 das 5 reuniões vieram de follow-up e quem não faz perde oportunidades.,Davi Leão Pódium,"follow-up, agendamento, resultados, vendas",reunioes,1,,,
DEP-139,gallery,metricas,davi-leao-afirma-que-3-das-5-reunioes-vi,2,,,depoimentos-2026-ready/gallery/gallery_metricas_davi-leao-afirma-que-3-das-5-reunioes-vi_parte-2.png,IMG_2433.PNG,Davi Leão afirma que 3 das 5 reuniões vieram de follow-up e quem não faz perde oportunidades.,"Otavio
Mensagem de voz (0:23)
cara; das 5 reuniões q marquei, 3
foi com follow up
quem nao faz ta perdendo
oportunidades","follow-up, agendamento, resultados, vendas",reunioes,1,,,
DEP-140,gallery,metricas,diz-que-encontrou-o-perfil-tarde-demais,,,,depoimentos-2026-ready/gallery/gallery_metricas_diz-que-encontrou-o-perfil-tarde-demais.png,IMG_7203.PNG,"Diz que encontrou o perfil tarde demais após cursos ruins, mas só o YouTube/aula já mudou o ritmo da semana.","Meu amigo pena que fui encontrar
perfil
só depois que tinha gasto
teu
muito com um monte de curso
não vai dar pra mim
bosta
workshop agora mas só com
YouTube e uma aula que assisti
ontem já dei outro ritmo pra
semana","valor-gratuito, comparação, autoridade, resultados-rápidos",workshop,0,,,
DEP-141,gallery,metricas,douglas-diz-que-a-anatomia-da-ligacao-o,,,,depoimentos-2026-ready/gallery/gallery_metricas_douglas-diz-que-a-anatomia-da-ligacao-o.png,6CF239D7-AA3C-4550-B4DA-9CF4F04002A8.JPG,Douglas diz que a “anatomia da ligação” o ajudou a trazer o lead à objetividade (R1) sem papo bobo.,"Douglas P
Leandro
Só compartilhando aqui entrei em poucas
lives mas estou assistindo 0 conteúdo de
ligação e a anatomia de ligação mudou mi_
Eu tbm! A anatomia me ajudou a
principalmente não deixar virar
papo bobo e saber trazer 0 lead
para a objetividade (que é a RI) ,
sem ficar tangenciando demais .
É
algo que antes eu tinha dificuldade
e não sabia fazer de forma ""suave""","anatomia da ligação, R1, técnica, objetividade, método",leads,2,,,
DEP-142,gallery,metricas,elogia-o-conteudo-fora-da-curva-mas-admi,,,,depoimentos-2026-ready/gallery/gallery_metricas_elogia-o-conteudo-fora-da-curva-mas-admi.png,IMG_6362.PNG,"Elogia o conteúdo “fora da curva”, mas admite estar travado sem a primeira venda.","Irmão parabéns, teu conteúdo é
muito fora da curva de verdade. Só
agradecer porque tu tens
tenho a te
ajudado muito; tô na labuta de botar
minha agenda pra funcionar mas a
primeira venda não sai de jeito
nenhum tô travado","dor, travado, gratidão, primeira venda",destravamento,0,,,
DEP-143,gallery,metricas,gideao-recomenda-o-conteudo-realista-do,1,,,depoimentos-2026-ready/gallery/gallery_metricas_gideao-recomenda-o-conteudo-realista-do_parte-1.png,IMG_3433.PNG,Gideão recomenda o conteúdo realista do Rômulo para destravar medo de ligar.,"Comunidade Pódium: C..
158
COMUNIDADE
PODIUM
37 online
40
Hoje
Gideão","recomendação peer, anti-facilidade, trava de ligação, comunidade",,1,,,
DEP-144,gallery,metricas,gideao-recomenda-o-conteudo-realista-do,2,,,depoimentos-2026-ready/gallery/gallery_metricas_gideao-recomenda-o-conteudo-realista-do_parte-2.png,IMG_3433.PNG,Gideão recomenda o conteúdo realista do Rômulo para destravar medo de ligar.,"Marcelo
gostaria de conversar com; tenho muita
dificuldade em ligar, e queria começar a
fazer
Marcelo 0 Romulo tem um
conteúdo muito bom e com
ajudar ele não vende
certeza vai te
facilidade mas a realidade mano.
Mas tem que entender por que vc
está com trava (medo insegurança;
não confia no produto que esta
vendendo) mas pense uma coisa 0
pior que pode acontecer contigo
ligando e a pessoa não te atender
ou dizer um não.
Até Jesus foi rejeitado imagina
nois. 0 legal aqui da comunidade e
que todo mundo respira ligação
então vc tem um abiente que vai te
ajudar mano.","recomendação peer, anti-facilidade, trava de ligação, comunidade",,2,,,
DEP-145,gallery,metricas,gideao-recomenda-o-conteudo-realista-do,3,,,depoimentos-2026-ready/gallery/gallery_metricas_gideao-recomenda-o-conteudo-realista-do_parte-3.png,IMG_3433.PNG,Gideão recomenda o conteúdo realista do Rômulo para destravar medo de ligar.,"Marcelo M
perfeito; eu tenho contiança no
poraue em reuniões
meu produto","recomendação peer, anti-facilidade, trava de ligação, comunidade",,1,,,
DEP-146,gallery,metricas,grupo-comunidade-podium-vibra-com-networ,1,,,depoimentos-2026-ready/gallery/gallery_metricas_grupo-comunidade-podium-vibra-com-networ_parte-1.png,IMG_6843.PNG,"Grupo Comunidade Pódium vibra com networking e “entrega de ouro”, com frase “NETWORK ANTECIPA FATURAMENTO!”.","Comunidade Pódium: Cons...
94
COMUNIDADE
31 online
PÓDIUM
Bem-vindo ao grupo
Vídeo
OLHAAAAA AIIII
Dale criar umas troca de ideia
rapaziada
18.51","comunidade, networking, faturamento, energia, prova-social",,0,,,
DEP-147,gallery,metricas,grupo-comunidade-podium-vibra-com-networ,2,,,depoimentos-2026-ready/gallery/gallery_metricas_grupo-comunidade-podium-vibra-com-networ_parte-2.png,IMG_6843.PNG,"Grupo Comunidade Pódium vibra com networking e “entrega de ouro”, com frase “NETWORK ANTECIPA FATURAMENTO!”.","Juliano
Você
E aqui 0 papo sobre vendas é LIBERADO
QUE MASSA!","comunidade, networking, faturamento, energia, prova-social",,0,,,
DEP-148,gallery,metricas,grupo-comunidade-podium-vibra-com-networ,3,,,depoimentos-2026-ready/gallery/gallery_metricas_grupo-comunidade-podium-vibra-com-networ_parte-3.png,IMG_6843.PNG,"Grupo Comunidade Pódium vibra com networking e “entrega de ouro”, com frase “NETWORK ANTECIPA FATURAMENTO!”.","ABSURDO
Quem não está ainda lá na
comunidade, trate de entrar! De
minha parte nunca vai faltar
entrega de ouro pra vocês","comunidade, networking, faturamento, energia, prova-social",,0,,,
DEP-149,gallery,metricas,grupo-comunidade-podium-vibra-com-networ,4,,,depoimentos-2026-ready/gallery/gallery_metricas_grupo-comunidade-podium-vibra-com-networ_parte-4.png,IMG_6843.PNG,"Grupo Comunidade Pódium vibra com networking e “entrega de ouro”, com frase “NETWORK ANTECIPA FATURAMENTO!”.","NETWORK ANTECIPA
FATURAMENTO!
(nesse momento eu paro e penso:
esses cara acha que eu sou um
BDR ou closer do romulo; pq nao é
possivel)","comunidade, networking, faturamento, energia, prova-social",,0,,,
DEP-150,gallery,metricas,leandro-diz-que-nunca-ligou-tanto-e-que,1,,,depoimentos-2026-ready/gallery/gallery_metricas_leandro-diz-que-nunca-ligou-tanto-e-que_parte-1.png,IMG_3432.PNG,Leandro diz que nunca ligou tanto e que mudou a vida da família.,"Comunidade Pódium: C.-
157
COMUNIDADE
PODIUM
48 online
aclIU 4uC
Cu
todos nós estamos passando ou já
passamos por algo parecido ao
que você passou.
Ao meu ver; você contando é uma
esperança de que se você
conseguiu outra pessoa consegue;
mas tem que ter garra!","ligações, breakthrough financeiro, gratidão, família, destrava",,0,,,
DEP-151,gallery,metricas,leandro-diz-que-nunca-ligou-tanto-e-que,2,,,depoimentos-2026-ready/gallery/gallery_metricas_leandro-diz-que-nunca-ligou-tanto-e-que_parte-2.png,IMG_3432.PNG,Leandro diz que nunca ligou tanto e que mudou a vida da família.,"Izabela
Caraca Romulo; tua historia pegou
aqui também
Obrigada por compartilhar todo
esse conhecimento
Mensagem não lida: 1","ligações, breakthrough financeiro, gratidão, família, destrava",,1,,,
DEP-152,gallery,metricas,leandro-diz-que-nunca-ligou-tanto-e-que,3,,,depoimentos-2026-ready/gallery/gallery_metricas_leandro-diz-que-nunca-ligou-tanto-e-que_parte-3.png,IMG_3432.PNG,Leandro diz que nunca ligou tanto e que mudou a vida da família.,"Leandro
~
Cara eu cansei de ticar preocupado
com falta de grana! Nunca liguei
tanto quanto nestes últimos dias,
Obrigado por compartilhar e Deus
abençoe por mudar não só a sua
vida como a minha e da minha
família","ligações, breakthrough financeiro, gratidão, família, destrava",,1,,,
DEP-153,gallery,metricas,lista-qualificada-dicas-de-quebra-de-obj,1,,,depoimentos-2026-ready/gallery/gallery_metricas_lista-qualificada-dicas-de-quebra-de-obj_parte-1.png,IMG_1069.PNG,Lucas Ribeiro: lista qualificada + dicas de quebra de objeção do Rômulo mudaram o cenário (antes 70% não atendia / barrado na secretária).,"Comunidade Pódium: C..
76
PÓDIUM
6 online","metodo_funcionou, quebra_de_objecao, lista_qualificada, prova_social, resultado_vendas",,1,,,
DEP-154,gallery,metricas,lista-qualificada-dicas-de-quebra-de-obj,2,,,depoimentos-2026-ready/gallery/gallery_metricas_lista-qualificada-dicas-de-quebra-de-obj_parte-2.png,IMG_1069.PNG,Lucas Ribeiro: lista qualificada + dicas de quebra de objeção do Rômulo mudaram o cenário (antes 70% não atendia / barrado na secretária).,"Lucas Ribeiro Mentorado
Apollo
4
ICP bem definiao pal
Isso mesmo; lista qualificada é 0
pulo do gato; antes eu ligava para
50 empresas 70% não atendia;
ficava muito barrado na secretaria
e por fim quando chegava no
decisor sempre falavam que não
tinha interesse; Rômulo me ensinou
umas dicas de quebra de objeção e
me ajudou muito. estou em outra
realidade agora
2","metodo_funcionou, quebra_de_objecao, lista_qualificada, prova_social, resultado_vendas",mentoria,1,,,
DEP-155,gallery,metricas,lista-qualificada-dicas-de-quebra-de-obj,3,,,depoimentos-2026-ready/gallery/gallery_metricas_lista-qualificada-dicas-de-quebra-de-obj_parte-3.png,IMG_1069.PNG,Lucas Ribeiro: lista qualificada + dicas de quebra de objeção do Rômulo mudaram o cenário (antes 70% não atendia / barrado na secretária).,"Lucas Ribeiro Mentorado
Isso mesmo; lista qualificada é 0
pulo
do
gato; antes eu ligava para 50 empresas
70% não atendia, ficava muito barrado na_","metodo_funcionou, quebra_de_objecao, lista_qualificada, prova_social, resultado_vendas",mentoria,0,,,
DEP-156,gallery,metricas,marcos-fecha-contrato-de-reestruturacao,,,,depoimentos-2026-ready/gallery/gallery_metricas_marcos-fecha-contrato-de-reestruturacao.png,IMG_4182.PNG,Marcos fecha contrato de reestruturação financeira para indústria de oxigênio.,"Marcos Ar
Rômulo Freitas no dia do evento
estava atolado fazendo uma
proposta personalizada para um
restruturação financeira de uma
indústria de Oxigênio
Você me deu sorte em
Fechei 0 contrato","fechamento, indústria, evento, gratidão, resultado",contratos,1,,,
DEP-157,gallery,metricas,marinamarchiolli-escreve-apenas-sempre-b,,,,depoimentos-2026-ready/gallery/gallery_metricas_marinamarchiolli-escreve-apenas-sempre-b.png,IMG_7565.PNG,marinamarchiolli escreve apenas “Sempre bom conversar contigo”.,"[romulocsfreitas] marinamarchiolli
Sempre bom conversar contigo","conexão, relacionamento, soft-proof, fraco-para-vendas",,0,,,
DEP-158,gallery,metricas,maycon-ferraz-agradece-ao-romulo-e-afirm,1,,,depoimentos-2026-ready/gallery/gallery_metricas_maycon-ferraz-agradece-ao-romulo-e-afirm_parte-1.png,IMG_7918.PNG,Maycon Ferraz agradece ao Rômulo e afirma que o workshop funciona de verdade.,"Maycon Fe
Você
Destaque pro nosso mestre","workshop, gratidão, resultado, prova-social",workshop,1,,,
DEP-159,gallery,metricas,maycon-ferraz-agradece-ao-romulo-e-afirm,2,,,depoimentos-2026-ready/gallery/gallery_metricas_maycon-ferraz-agradece-ao-romulo-e-afirm_parte-2.png,IMG_7918.PNG,Maycon Ferraz agradece ao Rômulo e afirma que o workshop funciona de verdade.,"@~Maycon Ferraz que
CECA
simplesmente destruiu e agendo.","workshop, gratidão, resultado, prova-social",workshop,0,,,
DEP-160,gallery,metricas,maycon-ferraz-agradece-ao-romulo-e-afirm,3,,,depoimentos-2026-ready/gallery/gallery_metricas_maycon-ferraz-agradece-ao-romulo-e-afirm_parte-3.png,IMG_7918.PNG,Maycon Ferraz agradece ao Rômulo e afirma que o workshop funciona de verdade.,"Kkkkkk
So tenho a agradecer @Rômulo
Freitas, isso so mostra que 0
workshop funciona e não e pouco.","workshop, gratidão, resultado, prova-social",workshop,0,,,
DEP-161,gallery,metricas,maycon-ferraz-diz-que-so-aplicou-o-works,,,,depoimentos-2026-ready/gallery/gallery_metricas_maycon-ferraz-diz-que-so-aplicou-o-works.png,IMG_9259.PNG,Maycon Ferraz diz que só aplicou o workshop/vídeos e que foi um “divisor de águas”.,"Maycon Fi
Você
Cara, você me surpreendeu de todas as
maneiras possíveis em vendas!
Chegou na Sala de Ligação, agendou um:
Eu que agradeço eu simplesmente
so fiz oque aprendi no workshop e
com os videos.
10% eu adaptei pro meu nicho.
Resto eu que agradeço porque
sem sombra de dúvidas, isso foi
um divisor de águas pra mim.
2","resultado, aplicação prática, workshop, divisor de águas, gratidão",workshop,1,,,
DEP-162,gallery,metricas,membro-da-comunidade-podium-atribui-resu,1,,,depoimentos-2026-ready/gallery/gallery_metricas_membro-da-comunidade-podium-atribui-resu_parte-1.png,IMG_8964.PNG,Membro da Comunidade Pódium atribui resultados ao conteúdo de valor do Rômulo vs abordagem “preguiçosa”.,"Comunidade Pódium: ..
110
COMUNIDADE
26 online
PODIUM
gente passou por uma espécie de
funil, provavelmente vou tube ou","comunidade, autoridade, funil, conteúdo de valor, crítica a cold approach",,0,,,
DEP-163,gallery,metricas,membro-da-comunidade-podium-atribui-resu,2,,,depoimentos-2026-ready/gallery/gallery_metricas_membro-da-comunidade-podium-atribui-resu_parte-2.png,IMG_8964.PNG,Membro da Comunidade Pódium atribui resultados ao conteúdo de valor do Rômulo vs abordagem “preguiçosa”.,"tunil, provavelmente you tube ou
Reels
esforço e
Isso é fruto do
conhecimento que Rômulo
compartilha com a gente; e em
qualquer comunidade que dá certo
é assim também.
Agora serviço de preguiçoso igual
desse pessoal da abordagem,
quase impossível um bom
resultado; pra ser sincero; é
impossível!
Não pensam em produzir conteúdo
de valor; ou trazer algo relevante; e
querem sair vendendo por aí,
KKKKkkk confia que vai dar certo","comunidade, autoridade, funil, conteúdo de valor, crítica a cold approach",,0,,,
DEP-164,gallery,metricas,membro-da-comunidade-podium-atribui-resu,3,,,depoimentos-2026-ready/gallery/gallery_metricas_membro-da-comunidade-podium-atribui-resu_parte-3.png,IMG_8964.PNG,Membro da Comunidade Pódium atribui resultados ao conteúdo de valor do Rômulo vs abordagem “preguiçosa”.,"Davi Leão Pódium
Rômulo Freitas meu irmâo; pelo
amor de Deus, minha namorada tá
maic +amn^
+^","comunidade, autoridade, funil, conteúdo de valor, crítica a cold approach",,0,,,
DEP-165,gallery,metricas,mesma-mensagem-de-bruno-henrique-elogian,,comp-c,comp11,depoimentos-2026-ready/gallery/gallery_metricas_mesma-mensagem-de-bruno-henrique-elogian_comp-c.png,IMG_7683 (1).PNG,Giulia diz que só com conteúdos gratuitos recebeu ótimos feedbacks e fechou um contrato no mesmo dia.,"Giulia versos
Rômulo; só com teus conteúdos
gratuitos; apliquei aqui nas
reuniões e direcionamento com os
clientes, tô recebendo muito
feedback top e um contrato
fechado hojel!
Obrigada pelo conteúdo
maravilhoso que vc entrega.","conteúdo-gratuito, fechamento, resultado, gratidão, hero-candidate",,0,,,
DEP-166,gallery,metricas,michael-marciano-comemora-com-entusiasmo,1,,,depoimentos-2026-ready/gallery/gallery_metricas_michael-marciano-comemora-com-entusiasmo_parte-1.png,IMG_7285.PNG,Michael Marciano comemora com entusiasmo o primeiro fechamento de venda no grupo.,"Michael Marciano
MEU PRIMEIRO","primeira-venda, celebração, resultado, prova-social",,0,,,
DEP-167,gallery,metricas,michael-marciano-comemora-com-entusiasmo,2,,,depoimentos-2026-ready/gallery/gallery_metricas_michael-marciano-comemora-com-entusiasmo_parte-2.png,IMG_7285.PNG,Michael Marciano comemora com entusiasmo o primeiro fechamento de venda no grupo.,,"primeira-venda, celebração, resultado, prova-social",,0,,,
DEP-168,gallery,metricas,michael-marciano-comemora-com-entusiasmo,3,,,depoimentos-2026-ready/gallery/gallery_metricas_michael-marciano-comemora-com-entusiasmo_parte-3.png,IMG_7285.PNG,Michael Marciano comemora com entusiasmo o primeiro fechamento de venda no grupo.,BORA CARAAAIO,"primeira-venda, celebração, resultado, prova-social",,0,,,
DEP-169,gallery,metricas,nikolas-lage-diz-que-a-mentoria-o-tirou,,,,depoimentos-2026-ready/gallery/gallery_metricas_nikolas-lage-diz-que-a-mentoria-o-tirou.png,IMG_2872.PNG,Nikolas Lage diz que a mentoria o tirou da zona de conforto e hoje vende serviços com mais segurança.,"Nikolas Lage
Você
Um agradecimento em especial aos
mentorados da Elite e da Escuderia, que
estão alcançando um patamar mais profu.
Eu que agradeço por tudo!
Fazer parte da mentoria me
obrigou a sair da zona e conforto e
evoluir de verdade. Cada fase que
passamos me deixa mais seguro
para seguir.
Eu que nunca soube vender meus
serviços hoje sinto mais segurança
firmeza a cada contato com um
novo cliente.","evolução, confiança, vendas, mentoria",mentoria,0,,,
DEP-170,gallery,metricas,o-script-que-eu-uso-e-do-proprio-romulo,1,,,depoimentos-2026-ready/gallery/gallery_metricas_o-script-que-eu-uso-e-do-proprio-romulo_parte-1.png,IMG_1742.PNG,Lucas Ribeiro Mentorado: “O script que eu uso é do próprio Rômulo”.,"Lucas Ribeiro Mentorado
0 script que eu uso é do próprio","prova_social, metodo_funcionou, autoridade, roteiro_vendas",mentoria,0,,,
DEP-171,gallery,metricas,o-script-que-eu-uso-e-do-proprio-romulo,2,,,depoimentos-2026-ready/gallery/gallery_metricas_o-script-que-eu-uso-e-do-proprio-romulo_parte-2.png,IMG_1742.PNG,Lucas Ribeiro Mentorado: “O script que eu uso é do próprio Rômulo”.,,"prova_social, metodo_funcionou, autoridade, roteiro_vendas",mentoria,0,,,
DEP-172,gallery,metricas,pega-e-liga,,,,depoimentos-2026-ready/gallery/gallery_metricas_pega-e-liga.png,IMG_8001.PNG,Maycon conta que o lead elogiou a forma como ele ligou e incentiva: “pega e liga”.,"Maycon Fe
Gente acabou ae aconrecer a coisa
mais loca que eu nunca achei que
poderia acontecer cabei de sair de
uma R1 e 0 leed simplesmente
falou que gostou da forma como eu
liguei pra ele.
Simplesmente 0 cara admitiu que
gostou de ser incômododado.
alguém
Então eu vou falar como
que nao fazia ligação.
Pega e liga você vai se surpreender
com 0 resultado!
7","superação-medo, ligações, prova-social, R1, on-brand",,1,,,
DEP-173,gallery,metricas,primeiro-contrato-menos-1-semana,1,comp-c,comp05,depoimentos-2026-ready/gallery/gallery_metricas_primeiro-contrato-menos-1-semana_comp-c_parte-1.png,IMG_2880.PNG,André celebra 1º contrato em menos de uma semana (R1→R2→fechamento).,"Comunidade Pódium: .
82
COMUNIDADE
Affonso Sim, André Neto. , Boia, B.
PÓDIUM
vinicius Nascimento
uhuuullll","resultado rápido, R1/R2, networking, celebração, comunidade",,0,,,
DEP-174,gallery,metricas,primeiro-contrato-menos-1-semana,2,comp-c,comp05,depoimentos-2026-ready/gallery/gallery_metricas_primeiro-contrato-menos-1-semana_comp-c_parte-2.png,IMG_2880.PNG,André celebra 1º contrato em menos de uma semana (R1→R2→fechamento).,"André Neto.
Galera, faz nem uma semana que
conheci a comunidade e 0 Rômulo
e já posso agradecer esse primeiro
contrato ao conteúdo e networking
daqui.
Fiz uma RI na quinta passada; R2 e
fechamento hoje. passei 0 fim de
semana fritando em como poderia
apresentar a R2 e 0 que mais fazia
sentido pro lead.","resultado rápido, R1/R2, networking, celebração, comunidade",,0,,,
DEP-175,gallery,metricas,primeiro-contrato-menos-1-semana,3,comp-c,comp05,depoimentos-2026-ready/gallery/gallery_metricas_primeiro-contrato-menos-1-semana_comp-c_parte-3.png,IMG_2880.PNG,André celebra 1º contrato em menos de uma semana (R1→R2→fechamento).,"Vinicius Nascimento
Parabéns André, bora pra Elite
irmão; vai evoluir muitooo
s6 0
começo","resultado rápido, R1/R2, networking, celebração, comunidade",,0,,,
DEP-176,gallery,metricas,primeiro-contrato-menos-1-semana,4,comp-c,comp05,depoimentos-2026-ready/gallery/gallery_metricas_primeiro-contrato-menos-1-semana_comp-c_parte-4.png,IMG_2880.PNG,André celebra 1º contrato em menos de uma semana (R1→R2→fechamento).,"cia recebida
André Neto.
eu R$ 1.000,
TACOES LTD'
Foto
Aeeeee poxa'! Pra cimall!","resultado rápido, R1/R2, networking, celebração, comunidade",valor_rs,0,,,
DEP-177,gallery,metricas,r-529-investidos-vs-contrato-de-r-6,1,comp-a,comp08,depoimentos-2026-ready/gallery/gallery_metricas_r-529-investidos-vs-contrato-de-r-6_comp-a_parte-1.png,IMG_3437.PNG,Maycon calcula ROI: R$529 investidos vs contrato de R$6.900.,"Comunidade Pódium:.
158
COMUNIDADE
30 online
PÓDIUM
Maycon Ferraz
Você
@Vinicius Nascimento @~Alanis Almeida
@Davi Leão Pódium
@~Mike Oliveira
@~Victor Hugo
Bruna Moeller @Mayco.
mestre vou falar oque 0 vídeo
abaixo ja resume.
Mais vou deixar em termos
matemáticos aqui pra ficar mais
fácil. 8 mensalidades da plataforma
R$ 479,20
workshop R$ 50,00
0
Total: R$529,20
E assinei um contrato de
R$6.900,00 esse mês.
0 retorno e esse fora
conhecimento pra fazer mais
vendas.
18.04","ROI, prova financeira, plataforma, workshop, matemática",roi; valor_rs; workshop,0,,,
DEP-178,gallery,metricas,r-529-investidos-vs-contrato-de-r-6,1,comp-c,comp08,depoimentos-2026-ready/gallery/gallery_metricas_r-529-investidos-vs-contrato-de-r-6_comp-c_parte-1.png,IMG_3439.PNG,Victor Hugo elogia choque de realidade e mentalidade na mentoria do Rômulo.,"Comunidade Pódium:.
158
COMUNIDADE
27 online
PÓDIUM
Victor Hug
Você
@Vinicius Nascimento @~Alanis Almeida
@Davi Leão Pódium
~Mike Oliveira
@~Victor Hugo
Bruna Moeller @Mayco.
experiência:
Falando a minha
Eu to no processo ainda, mas tomo
muito sempre muito choque de
realidade; eu sou 0 cara que entra
nas call e faz um monte de
perguntas; por mais obvias que
pareçam; eu sempre sempre
lembro que 0 obvio precisa ser
dito.
Rômulo não só Ensina sobre
vendas ou sobre a mentalidade de
empresário.
Ele ajuda, entender, mostra
caminhos que se tornam simples
tempo e a pratica. Ele
com 0
também acolhe e te dar uns
puxões de orelha quando precisa
(Os puxões de orelha precisam ser
mais frequentes kkk:)","mentoria, mentalidade, vendas, gratidão, prática",mentoria,1,,,
DEP-179,gallery,metricas,r-529-investidos-vs-contrato-de-r-6,2,comp-a,comp08,depoimentos-2026-ready/gallery/gallery_metricas_r-529-investidos-vs-contrato-de-r-6_comp-a_parte-2.png,IMG_3437.PNG,Maycon calcula ROI: R$529 investidos vs contrato de R$6.900.,"Mike Olivi
Mike Oli'
https:llwww instagram com/reell
DaBBBIANIUII?","ROI, prova financeira, plataforma, workshop, matemática",roi; valor_rs,2,,,
DEP-180,gallery,metricas,r-529-investidos-vs-contrato-de-r-6,2,comp-c,comp08,depoimentos-2026-ready/gallery/gallery_metricas_r-529-investidos-vs-contrato-de-r-6_comp-c_parte-2.png,IMG_3439.PNG,Victor Hugo elogia choque de realidade e mentalidade na mentoria do Rômulo.,Leandro,"mentoria, mentalidade, vendas, gratidão, prática",mentoria,1,,,
DEP-181,gallery,metricas,regularize-health-compartilha-contrato-a,1,,,depoimentos-2026-ready/gallery/gallery_metricas_regularize-health-compartilha-contrato-a_parte-1.png,IMG_8003.PNG,Regularize Health compartilha contrato assinado e credita o fechamento ao workshop do Rômulo.,"Regularize
Paulo Custodio Golamed","fechamento, workshop, prova-de-resultado, contrato",workshop,1,,,
DEP-182,gallery,metricas,regularize-health-compartilha-contrato-a,2,,,depoimentos-2026-ready/gallery/gallery_metricas_regularize-health-compartilha-contrato-a_parte-2.png,IMG_8003.PNG,Regularize Health compartilha contrato assinado e credita o fechamento ao workshop do Rômulo.,"Voca
FATURA Dia 19
ZapSion / E-Sionature
acp Zopsign combr
seque link para assinatura eletrônica do documento  Qualqucr duvida porlavor avise,
Paulo como combinamos, seque
contrato para assinatura . 16.17
17,05","fechamento, workshop, prova-de-resultado, contrato",workshop,0,,,
DEP-183,gallery,metricas,regularize-health-compartilha-contrato-a,3,,,depoimentos-2026-ready/gallery/gallery_metricas_regularize-health-compartilha-contrato-a_parte-3.png,IMG_8003.PNG,Regularize Health compartilha contrato assinado e credita o fechamento ao workshop do Rômulo.,"17 05
Encummhada
ContratoGOIAMED CTR-
1770836876107 pdf
Pof
ContratoGOIAMED CTR-1770836876107 pdf
19.56
18 08
Sanar como","fechamento, workshop, prova-de-resultado, contrato",workshop,0,,,
DEP-184,gallery,metricas,regularize-health-compartilha-contrato-a,4,,,depoimentos-2026-ready/gallery/gallery_metricas_regularize-health-compartilha-contrato-a_parte-4.png,IMG_8003.PNG,Regularize Health compartilha contrato assinado e credita o fechamento ao workshop do Rômulo.,"Rômulo Freitas
esse contrato
provavelmente eu não fecharia
antoc do Morkchon","fechamento, workshop, prova-de-resultado, contrato",workshop,0,,,
DEP-185,gallery,metricas,resultado-financeiro-fechamento-estrateg,1,,,depoimentos-2026-ready/gallery/gallery_metricas_resultado-financeiro-fechamento-estrateg_parte-1.png,IMG_0682.PNG,"Pablo Fernandes analisa aula de fechamento de R$ 90k: maturidade, gravar reunião para capturar dor e posicionamento de longo prazo.","Comunidade Pódium: .
122
COMUNIDADE
PODIUM
30 online
Mensagem não lida: 1","resultado_financeiro, fechamento, estrategia, metodo_funcionou, prova_social",valor_rs,0,,,
DEP-186,gallery,metricas,resultado-financeiro-fechamento-estrateg,2,,,depoimentos-2026-ready/gallery/gallery_metricas_resultado-financeiro-fechamento-estrateg_parte-2.png,IMG_0682.PNG,"Pablo Fernandes analisa aula de fechamento de R$ 90k: maturidade, gravar reunião para capturar dor e posicionamento de longo prazo.","Pablo Fern
Cara; assisti à aula aqui e vou te
falar: 0 que mais me chamou a
atenção nesse fechamento de 9Ok
foi a maturidade da condução da
parada. Foi uma explosão na minha
cabeça ver que os caras voltaram
atrás de você porque 0 trampo
anterior foi muito bem feito; 0 que
prova que 0 jogo de longo prazo é
que vira a chave.
Outra coisa foda foi aquela
estratégia de gravar a reunião pra
pescar a dor exata e ter a
flexibilidade de entregar
exatamente 0 que eles precisavam,
sem empurrar qualquer coisa. 0
jeito que você agregou valor
trazendo nomes fortes e falando da
reestruturação da sua empresa pra
subir 0 ticket deixou tudo muito
robusto. Mudou totalmente minha
visão de como quero me posicionar
daqui pra frente. Valeu demais pelo
conteúdo; de verdade!","resultado_financeiro, fechamento, estrategia, metodo_funcionou, prova_social",valor_rs,1,,,
DEP-187,gallery,metricas,seguidor-diz-que-o-conteudo-de-cold-call,,,,depoimentos-2026-ready/gallery/gallery_metricas_seguidor-diz-que-o-conteudo-de-cold-call.png,IMG_7567.PNG,Seguidor diz que o conteúdo de cold call está ajudando a montar repertório para as ligações.,"Muito bacana, a partir do momento
que comecei a assistir mais posts
sobre ""cold call"" seu conteúdo
apareceu pra mim, está me
ajudando bastante a construir um
repertório para as ligações!","cold-call, aprendizado, repertório, autoridade",cold_call,0,,,
DEP-188,gallery,metricas,so-o-ouro-ajuda-no-dia-a-dia-de-vendas,1,,,depoimentos-2026-ready/gallery/gallery_metricas_so-o-ouro-ajuda-no-dia-a-dia-de-vendas_parte-1.png,IMG_2881.PNG,"Mike Oliveira valida a plataforma: “só o ouro”, ajuda no dia a dia de vendas.","João B:
Legal!
Vou me organizar pra entrar pra","validação de produto, peer proof, entusiasmo, vendas",,1,,,
DEP-189,gallery,metricas,so-o-ouro-ajuda-no-dia-a-dia-de-vendas,2,,,depoimentos-2026-ready/gallery/gallery_metricas_so-o-ouro-ajuda-no-dia-a-dia-de-vendas_parte-2.png,IMG_2881.PNG,"Mike Oliveira valida a plataforma: “só o ouro”, ajuda no dia a dia de vendas.","Plataforma
Turma que está na plataforma,
pena??
vale a","validação de produto, peer proof, entusiasmo, vendas",,1,,,
DEP-190,gallery,metricas,so-o-ouro-ajuda-no-dia-a-dia-de-vendas,3,,,depoimentos-2026-ready/gallery/gallery_metricas_so-o-ouro-ajuda-no-dia-a-dia-de-vendas_parte-3.png,IMG_2881.PNG,"Mike Oliveira valida a plataforma: “só o ouro”, ajuda no dia a dia de vendas.","Mike Oli
Você
Turma que está na plataforma; vale a
pena??
Vale demaisssss","validação de produto, peer proof, entusiasmo, vendas",,1,,,
DEP-191,gallery,metricas,so-o-ouro-ajuda-no-dia-a-dia-de-vendas,4,,,depoimentos-2026-ready/gallery/gallery_metricas_so-o-ouro-ajuda-no-dia-a-dia-de-vendas_parte-4.png,IMG_2881.PNG,"Mike Oliveira valida a plataforma: “só o ouro”, ajuda no dia a dia de vendas.","Só 0 ouro lá! Não é balela; ajuda
demais no dia a dia de vendas
83","validação de produto, peer proof, entusiasmo, vendas",,0,,,
DEP-192,gallery,metricas,usuario-diz-que-o-youtube-gratuito-super,,,,depoimentos-2026-ready/gallery/gallery_metricas_usuario-diz-que-o-youtube-gratuito-super.png,IMG_7076.PNG,Usuário diz que o YouTube gratuito supera cursos pagos e ajuda a refinar o processo de vendas/outbound.,"Falaa meu amigo; tudo bem?
acompanhando no YouTube e
To te
seu conteúdo lá é insano. Sua
dedicação lá é melhor do que mt
curso e mentoria PAGA. E eu já fiz
algumas. Muito obrigado; tem me
ajudado a refinar meu processo de
vendas.
Hoje eu utilizo um discador
inteligente em massa, que eu
descubro na hora 0 decisor e tal,
que é um pouco diferente do
outbound, mas tenho adaptado
algumas coisas e até indo pra esse
lado do outbound.","YouTube, autoridade, outbound, gratidão, valor-gratuito",mentoria,0,,,
DEP-193,gallery,metricas,washington-bueno-agradece-dicas-da-comun,,,,depoimentos-2026-ready/gallery/gallery_metricas_washington-bueno-agradece-dicas-da-comun.png,IMG_2564.PNG,Washington Bueno agradece dicas da comunidade e diz que fechou trabalho após reunião presencial.,"Comunidade Pódium: C..
152
COMUNIDADE
PODIUM
24 online
Ainda sente que está travado nas Ligações?
Washington
Washington Bueno
Dúvida importante e urgente.
Cliente perguntou valor antes de eu falar.
Boa noite! Tudo bem?
Passando pra falar que as dicas
que me deram ontem foram boas.
Tive uma reunião com 0 rapaz hoje,
presencialmente e isso ajudou
muito.
trabalho; estou
Fechamos 0
aguardando a assinatura do
contrato pelo gov br
A reunião já foi pela noite então
acredito que ele de um retorno
amanhã.
sugestões que me
As dicas e
deram foram excelentes.
Fora as conversas que vou
acompanhando no grupo.","fechamento, gratidão, comunidade, resultado",destravamento,1,,,
DEP-194,gallery,workshop,1-ano-apos-mentoria-vinicius-agradece-su,1,,,depoimentos-2026-ready/gallery/gallery_workshop_1-ano-apos-mentoria-vinicius-agradece-su_parte-1.png,IMG_9675.PNG,"Troca na Comunidade Pódium: 1 ano após mentoria, Vinicius agradece suporte e avanço contínuos.","Comunidade Pódium:.
107
COMUNIDADE
PODIUM
41 online
Galera que ainda nao adquiriu 0 workshop, a-
Rômulo Freitas
Marketing e
Vendas
Método Pódium no
Ligações tet..
Instagram:
instagram.com
após a mentoria; esse é 0
1ano
legado e sentimento que
desenvolvemos!","longo prazo, mentoria, comunidade, legado, gratidão",mentoria; workshop,0,,,
DEP-195,gallery,workshop,1-ano-apos-mentoria-vinicius-agradece-su,2,,,depoimentos-2026-ready/gallery/gallery_workshop_1-ano-apos-mentoria-vinicius-agradece-su_parte-2.png,IMG_9675.PNG,"Troca na Comunidade Pódium: 1 ano após mentoria, Vinicius agradece suporte e avanço contínuos.","Vinicius Nascimento
Obrigado
por ter confiado e por ter me
ajudado tanto a melhorar tudo
que temos hoje no Mundo Pódium!","longo prazo, mentoria, comunidade, legado, gratidão",mentoria,0,,,
DEP-196,gallery,workshop,1-ano-apos-mentoria-vinicius-agradece-su,3,,,depoimentos-2026-ready/gallery/gallery_workshop_1-ano-apos-mentoria-vinicius-agradece-su_parte-3.png,IMG_9675.PNG,"Troca na Comunidade Pódium: 1 ano após mentoria, Vinicius agradece suporte e avanço contínuos.","Vinicius Nascimento
Eu que agradeço por todo 0
suporte e avanço que vc trás até
hoje, igual falei no video; só queria
ter conhecido vc antes kkkk
Hahahaha boooa meu irmão!!
Vamos juntos!","longo prazo, mentoria, comunidade, legado, gratidão",mentoria,0,,,
DEP-197,gallery,workshop,10-reunioes-marcadas,,comp-c,comp10,depoimentos-2026-ready/gallery/gallery_workshop_10-reunioes-marcadas_comp-c.png,IMG_9669.PNG,Victor Hugo elogia aula gratuita por entregar muito conteúdo e tirar dúvidas.,"Victor Hugo
SENSACIONAL!
Uma das poucas aulas gratuitas
que entregam MUITO CONTEUDO,
que podemos realmente tirar
dúvidas. Como sempre a entrega
não deixa a desejar!","aula gratuita, valor, entrega, entusiasmo",,0,,,
DEP-198,gallery,workshop,alisson-diz-que-a-aula-tem-mais-valor-qu,,,,depoimentos-2026-ready/gallery/gallery_workshop_alisson-diz-que-a-aula-tem-mais-valor-qu.png,IMG_9667.PNG,Alisson diz que a aula tem mais valor que muita mentoria do mercado.,"Alisson
JFFc Ê
Que aula pessoal
Alto valor mais que muita mentoria
aí no mercado
Surreal a entrega","alto valor, comparação, entrega, aula",mentoria,0,,,
DEP-199,gallery,workshop,aluno-deseja-feliz-natal-e-agradece-pela,,,,depoimentos-2026-ready/gallery/gallery_workshop_aluno-deseja-feliz-natal-e-agradece-pela.png,IMG_5142.PNG,Aluno deseja Feliz Natal e agradece pelas lives e mentoria.,"Feliz Natal Rômulo; tudo de bom
Agradeço muito pelo que fez e vem
fazendo através das Live e da
mentoria; você é fera cara; e que
seu Natal seja repleto de paz;
harmonia e próspero assim como
seu ano de 2026","gratidão, mentoria, pessoal, reconhecimento",mentoria,0,,,
DEP-200,gallery,workshop,aluno-destaca-o-valor-do-conteudo-treina,,,,depoimentos-2026-ready/gallery/gallery_workshop_aluno-destaca-o-valor-do-conteudo-treina.png,IMG_7618.PNG,Aluno destaca o valor do conteúdo/treinamento do Rômulo e da comunidade/workshop/mentoria como diferencial.,"Isso mostra galera 0 valor do
conteúdo e treinamento do
Rômulo. Não menosprezem 0 que
ja sabem; pois estar na
comunidade, workshop ou
mentoria já um diferencial no
mercado.","valor-percebido, comunidade, mentoria, autoridade",mentoria; workshop,0,,,
DEP-201,gallery,workshop,aluno-diz-que-o-mentor-e-tambem-amigo-e,,,,depoimentos-2026-ready/gallery/gallery_workshop_aluno-diz-que-o-mentor-e-tambem-amigo-e.png,IMG_4255.PNG,Aluno diz que o mentor é também amigo e “psicólogo” do grupo.,"Davi Leão Pódium
Rômulo Freitas parabéns cara, a
cada dia que passa vc so
demonstra 0 quanto q vc é
diferente de todos, quem
participou hoje viu que vc é muito
mais do que um mentor; vc é um
amigo tambem; de vez em quando
um psicólogo kkkkkk; eu tenho
agradecer por vc sempre ajudar
tanto a mim quanto aos outros
aqui; vc é incrível""","gratidão, conexão humana, mentoria, reconhecimento",mentoria,0,,,
DEP-202,gallery,workshop,aluno-diz-que-o-workshop-foi-foda-e-que,,,,depoimentos-2026-ready/gallery/gallery_workshop_aluno-diz-que-o-workshop-foi-foda-e-que.png,IMG_6340.PNG,Aluno diz que o workshop foi “foda” e que terminou de assistir.,"Thiago Rangel
Você
gente trata lá no Workshop mestre,
Isso a
no dia 21/01 vai ter a próxima edição; vale a
pena dar uma olhada no site!
Que inclusive foi foda dms
18.45
Terminei de assistir hj
18.45
T","workshop, satisfação, engajamento",workshop,0,,,
DEP-203,gallery,workshop,carlos-elogia-a-mentoria-e-a-visao-estra,,,,depoimentos-2026-ready/gallery/gallery_workshop_carlos-elogia-a-mentoria-e-a-visao-estra.png,IMG_9298.PNG,Carlos elogia a mentoria e a visão estratégica sobre escopo.,"Carlos Pin
Você
Gostaram do papo na Mentoria hoje turma?
a visão
Foi bom demais
estratégica sobre escopo
realmente faz total diferença","mentoria, escopo, estratégia, feedback",mentoria,1,,,
DEP-204,gallery,workshop,cliente-elogia-o-conteudo-por-atacar-uma,,,,depoimentos-2026-ready/gallery/gallery_workshop_cliente-elogia-o-conteudo-por-atacar-uma.png,IMG_7870.PNG,"Cliente elogia o conteúdo por atacar uma dor do mercado com foco em prática, não só teoria.","Cara, só elogios. Acho que é uma
grande dor do mercado que agora
vejo até mais gente fazendo; mas
até 2 anos atrás não via ninguém.
Era muita teoria e pouca prática.","prática-vs-teoria, autoridade, diferencial, elogio",,0,,,
DEP-205,gallery,workshop,comentario-agradece-aprendizado-que-leva,,,,depoimentos-2026-ready/gallery/gallery_workshop_comentario-agradece-aprendizado-que-leva.png,IMG_6418.PNG,Comentário agradece aprendizado que levaria meses sozinho e pede mais conteúdo.,"COMPILADO BRABO: Como
COMPILADO
LIGAÇOES
AGENDAMENTO
Passei Pelo Gatekeeper e Agende.
or
@viniciusyokoyamadecarval.
há 14 horas
Muito aprendizado que eu ia demorar
meses pra ter sozinho !
Obrigado !
Não para com esses
conteúdos
por favor","aprendizado acelerado, YouTube, gratidão, gatekeeper",,0,,,
DEP-206,gallery,workshop,davi-elogia-o-workshop-diz-que-valeu-o-v,,,,depoimentos-2026-ready/gallery/gallery_workshop_davi-elogia-o-workshop-diz-que-valeu-o-v.png,IMG_6762.PNG,"Davi elogia o workshop, diz que valeu o valor investido e parabeniza o Rômulo.","Davi Leão Pódium
que workshop massa
valeu 0 valor investido
parabéns Rômulo","workshop, custo-benefício, satisfação, reconhecimento",workshop,0,,,
DEP-207,gallery,workshop,diz-que-o-conteudo-do-romulo-e-dos-melho,,,,depoimentos-2026-ready/gallery/gallery_workshop_diz-que-o-conteudo-do-romulo-e-dos-melho.png,AE6A2CA6-A70E-4CD6-B7A2-EE36CABB7CD1.JPG,Diz que o conteúdo do Rômulo é dos melhores após décadas e “centenas de milhares” investidos em cursos.,"Falo pra vcs galera; se dediquem a
aprender vender.
Esem querer
Rômulo Freitas
puxar saco,
tem um dos melhores conteúdos
que eu já vi em décadas e algumas
centenas de milhares de reais
investidos em treinamentos e
geral ao longo de anos.
cursos em","autoridade, qualidade, investimento, prova social",,0,,,
DEP-208,gallery,workshop,elogia-conteudo-de-valor-e-diz-que-vai-c,,,,depoimentos-2026-ready/gallery/gallery_workshop_elogia-conteudo-de-valor-e-diz-que-vai-c.png,IMG_6713.PNG,Elogia conteúdo de valor e diz que vai continuar acompanhando.,"Diego Rei
Conteúdo de valor incrível oque 0
senhor faz.. inevitável ficar de fora
acompanhando
voU
concerteza..obrigado pela
atenção","gratidão, valor, autoridade",,1,,,
DEP-209,gallery,workshop,elogio-a-resiliencia-de-ligar-na-sexta-a,1,,,depoimentos-2026-ready/gallery/gallery_workshop_elogio-a-resiliencia-de-ligar-na-sexta-a_parte-1.png,IMG_1070.PNG,Conversa de comunidade: elogio à resiliência de ligar na sexta; Apollo diz que ainda vai fazer a mentoria; Lucas fala de rotina de contato.,"Comunidade Pódium: C..
76
PÓDIUM
Affonso Sim; Boia, Brendha, Bruno, B.
Parabéns manooo
Parabéns inclusive pela resiliência
em ligar na sexta'!
2","prova_social, interesse_mentoria, comprometimento, resiliencia",mentoria,1,,,
DEP-210,gallery,workshop,elogio-a-resiliencia-de-ligar-na-sexta-a,2,,,depoimentos-2026-ready/gallery/gallery_workshop_elogio-a-resiliencia-de-ligar-na-sexta-a_parte-2.png,IMG_1070.PNG,Conversa de comunidade: elogio à resiliência de ligar na sexta; Apollo diz que ainda vai fazer a mentoria; Lucas fala de rotina de contato.,"Lucas Ribeiro Mentorado
Vinicius Nascimento
Top em, ainda mais sexta feira
Só não vou ligar amanhã, que
amanhã vou fazer uns serviços da
minha assistência; pra mim de
segunda a sábado no meu nicho é
dia de entrar em contato.
2","prova_social, interesse_mentoria, comprometimento, resiliencia",mentoria,0,,,
DEP-211,gallery,workshop,elogio-a-resiliencia-de-ligar-na-sexta-a,3,,,depoimentos-2026-ready/gallery/gallery_workshop_elogio-a-resiliencia-de-ligar-na-sexta-a_parte-3.png,IMG_1070.PNG,Conversa de comunidade: elogio à resiliência de ligar na sexta; Apollo diz que ainda vai fazer a mentoria; Lucas fala de rotina de contato.,"Lucas Ribeiro Mentorado
Só não vou ligar amanhã; que amanhã vou
fazer uns serviços da minha assistência,
pra mim de segunda a sábado no meu nic.
Isso que é vendas na veia","prova_social, interesse_mentoria, comprometimento, resiliencia",mentoria,0,,,
DEP-212,gallery,workshop,entusiasmo-aplicacao-imediata-aula,,,,depoimentos-2026-ready/gallery/gallery_workshop_entusiasmo-aplicacao-imediata-aula.png,IMG_2345.PNG,Guilherme Alves chama a aula de sensacional e diz que já vai aplicar no mesmo dia.,"Guilhern
Tá doido, uma aula sensacionall!!
Já preparando tudo aqui para
colocar em prática agora a tarde!","entusiasmo, aplicação imediata, aula",,1,,,
DEP-213,gallery,workshop,gleice-souza-agradece-o-workshop-elogian,,,,depoimentos-2026-ready/gallery/gallery_workshop_gleice-souza-agradece-o-workshop-elogian.png,IMG_8953.PNG,"Gleice Souza agradece o workshop, elogiando inteligência, dinamismo e exemplos práticos.","Gleice Souza
Boa noite, pessoal!
Passando só pra agradecer pelo
workshop de hoje, Rômulo; você é
um cara extremamente inteligente
dinâmico. Não teve um nicho
e
sequer que você não soubesse
explicar como abordar; sempre
trazendo exemplos práticos e reais
que facilitam muito
entendimento.
Saí do workshop muito mais
confiante; com a mente mais
aberta e cheia de novas estratégias
para aplicar no dia a dia.
18.31","workshop, confiança, nichos, exemplos práticos, agradecimento",workshop,0,,,
DEP-214,gallery,workshop,jonathan-agradece-o-conteudo-de-romulo-a,,,,depoimentos-2026-ready/gallery/gallery_workshop_jonathan-agradece-o-conteudo-de-romulo-a.png,IMG_0107.PNG,"Jonathan agradece o conteúdo de Rômulo (“amém, gloria a Deus… vc é feraaa”).","Jonathan
Você
Parabéns @~Jonathan Cavalcante
amém; gloria a Deus Rômulo; obg
conteúdo; vc é feraaa
pelo
seu","agradecimento, prova_social, reconhecimento",,1,,,
DEP-215,gallery,workshop,lucas-incentiva-o-grupo-de-500-a-engajar,,comp-b,comp06,depoimentos-2026-ready/gallery/gallery_workshop_lucas-incentiva-o-grupo-de-500-a-engajar_comp-b.png,IMG_7216 (1).PNG,John reforça reciprocidade: Rômulo entrega muito e a galera deve apoiar o conteúdo em massa.,"Engs
John Hendriu
0
Lucas William
Só 18 curtidas_
Por isso venho aqui dizer; bora dar uma f
Boa Lucas!!
Acho que rola ser uma relação de
ganha a ganha
0 Rômulo se dedica e entrega
muito
Super acho válido de quando ele
soltar um conteúdo; fixar aqui e
massivamente a gente ir lá
Quem já tiver dado like, deixa um
check
na mensagem do vídeo
5383
4","reciprocidade, comunidade, reconhecimento, engajamento",,0,,,
DEP-216,gallery,workshop,lucas-incentiva-o-grupo-de-500-a-engajar,,comp-c,comp06,depoimentos-2026-ready/gallery/gallery_workshop_lucas-incentiva-o-grupo-de-500-a-engajar_comp-c.png,IMG_7217.PNG,"Seguidor elogia vídeos gratuitos por carisma, comunicação e estratégias.","@gabrid2210
há 9 h
Não sei como cheguei no seu instagram; mas
cheguei aqui através dele. Fato é que eu tenho
que aproveitar esses vídeos enquanto estão
grátis. Que trabalho sensacional! Carisma; boa
comunicação; estratégias. Parabéns!","YouTube, carisma, autoridade, conteúdo-gratuito",,0,,,
DEP-217,gallery,workshop,lucas-incentiva-o-grupo-de-500-a-engajar,1,comp-a,comp06,depoimentos-2026-ready/gallery/gallery_workshop_lucas-incentiva-o-grupo-de-500-a-engajar_comp-a_parte-1.png,IMG_7215.PNG,"Lucas incentiva o grupo de 500+ a engajar com o conteúdo do Rômulo, dizendo que tem ajudado muito.","Lucas Will
Falaaa pessoal, somos mais de 500
pessoas aqui nesse grupo;","comunidade, engajamento, gratidão, escala",,1,,,
DEP-218,gallery,workshop,lucas-incentiva-o-grupo-de-500-a-engajar,2,comp-a,comp06,depoimentos-2026-ready/gallery/gallery_workshop_lucas-incentiva-o-grupo-de-500-a-engajar_comp-a_parte-2.png,IMG_7215.PNG,"Lucas incentiva o grupo de 500+ a engajar com o conteúdo do Rômulo, dizendo que tem ajudado muito.","Rômulo Freitas tem ajudado
bastante!
Vamos dar uma força comentando
publicações; os vídeos; curtindo
as
engajamento e
pra aumentar 0
qualidade
motivar ele a manter a
de conteúdo!
Tem me ajudado muito por aqui!!","comunidade, engajamento, gratidão, escala",,1,,,
DEP-219,gallery,workshop,lucas-incentiva-o-grupo-de-500-a-engajar,3,comp-a,comp06,depoimentos-2026-ready/gallery/gallery_workshop_lucas-incentiva-o-grupo-de-500-a-engajar_comp-a_parte-3.png,IMG_7215.PNG,"Lucas incentiva o grupo de 500+ a engajar com o conteúdo do Rômulo, dizendo que tem ajudado muito.","Lucas Wil
Você
PECÇÃO
https:llyoutube comllivel
Vo
vkNy-92ooFo?feature=share
Só 18 curtidas.
Por isso venho aqui dizer; bora dar
uma força","comunidade, engajamento, gratidão, escala",,1,,,
DEP-220,gallery,workshop,matheus-elogia-a-comunidade-e-a-fala-de,,,,depoimentos-2026-ready/gallery/gallery_workshop_matheus-elogia-a-comunidade-e-a-fala-de.png,IMG_4204.PNG,Matheus elogia a comunidade e a fala “de verdades” do Rômulo.,"Matheus
Conteúdo muito tera!! To ticando
feliz de ter tomado a iniciativa e
entrado na comunidade. A
principio tinha imaginado que era
voltado só a CC, porém hoje
entendi que é mais que isso e
realmente to ficando muito feliz
com os conteúdos!
Romulo foi muito fera hoje e falou
algumas verdades que é dificil a
gente no dia a dia relembrar!","comunidade, conteúdo, autoridade, satisfação",,1,,,
DEP-221,gallery,workshop,mauro-fellype-afirma-categoricamente-que,,,,depoimentos-2026-ready/gallery/gallery_workshop_mauro-fellype-afirma-categoricamente-que.png,IMG_7566.PNG,Mauro Fellype afirma categoricamente que “se tem uma coisa que funciona é esse workshop”.,"Mauro Fellype WDL4
Você
Mauro dê uma olhada lá no Script do
Manual de Destravamento do Workshop;
(Seção 5) vale deixar a ligação mais leve
Se tem uma coisa que funciona é
workshop ai
ploltol
esse","workshop, validação, eficácia, prova-social",workshop,0,,,
DEP-222,gallery,workshop,mayk-chama-a-mentoria-de-sensacional-e-v,1,,,depoimentos-2026-ready/gallery/gallery_workshop_mayk-chama-a-mentoria-de-sensacional-e-v_parte-1.png,IMG_2869 (1).PNG,Mayk chama a mentoria de sensacional e valoriza o ambiente de quem busca evoluir.,"Mayk
Você
Papo bom demais hoje na Mentoria!","mentoria, networking, entusiasmo",mentoria,1,,,
DEP-223,gallery,workshop,mayk-chama-a-mentoria-de-sensacional-e-v,2,,,depoimentos-2026-ready/gallery/gallery_workshop_mayk-chama-a-mentoria-de-sensacional-e-v_parte-2.png,IMG_2869 (1).PNG,Mayk chama a mentoria de sensacional e valoriza o ambiente de quem busca evoluir.,"pela
Obrigado
participação
Foi sensacional, muito foda estar
em uma ambiente com quem
sempre busca melhorar","mentoria, networking, entusiasmo",mentoria,0,,,
DEP-224,gallery,workshop,mentoria-2h15-mentoria-top-demais-insana,1,,,depoimentos-2026-ready/gallery/gallery_workshop_mentoria-2h15-mentoria-top-demais-insana_parte-1.png,IMG_1136.PNG,"Feedback coletivo pós-mentoria (~2h15): “mentoria top demais”, “Insana”, etc.; Rômulo pergunta se gostaram.",,"prova_social, feedback_positivo, mentoria, entrega_de_valor",mentoria,0,,,
DEP-225,gallery,workshop,mentoria-2h15-mentoria-top-demais-insana,2,,,depoimentos-2026-ready/gallery/gallery_workshop_mentoria-2h15-mentoria-top-demais-insana_parte-2.png,IMG_1136.PNG,"Feedback coletivo pós-mentoria (~2h15): “mentoria top demais”, “Insana”, etc.; Rômulo pergunta se gostaram.","Anderson B
Insana. Núuuuu
Brenda Oliver entrou usando 0 link do
grupo
Eduardo Zorzi entrou usando 0 link do
grupo
Gostaram da Mentoria Turma?
2:15h ein
Espero que sim","prova_social, feedback_positivo, mentoria, entrega_de_valor",mentoria,1,,,
DEP-226,gallery,workshop,mentoria-2h15-mentoria-top-demais-insana,3,,,depoimentos-2026-ready/gallery/gallery_workshop_mentoria-2h15-mentoria-top-demais-insana_parte-3.png,IMG_1136.PNG,"Feedback coletivo pós-mentoria (~2h15): “mentoria top demais”, “Insana”, etc.; Rômulo pergunta se gostaram.","Joao Pedro
Foi assustadoramente massa","prova_social, feedback_positivo, mentoria, entrega_de_valor",mentoria,1,,,
DEP-227,gallery,workshop,mentoria-cirurgica-cristiane-pede-lista,1,comp-c,comp07,depoimentos-2026-ready/gallery/gallery_workshop_mentoria-cirurgica-cristiane-pede-lista_comp-c_parte-1.png,IMG_1719.PNG,"Mesmo fio pós-mentoria ~4h: Felipe, Tiago, Otavio (“cirúrgica”) e Cristiane elogiam; pedido de feedback do Rômulo.","Comunidade Pódium: C..
141
COMUNIDADE
PODIUM
42 online
Gostaram da Mentoria pessoal?
Quase 4h de mentoria pra vocês!
Me dêem um Feedback","prova_social, mentoria, agradecimento, qualidade_conteudo",mentoria,1,,,
DEP-228,gallery,workshop,mentoria-cirurgica-cristiane-pede-lista,1,comp-a,comp07,depoimentos-2026-ready/gallery/gallery_workshop_mentoria-cirurgica-cristiane-pede-lista_comp-a_parte-1.png,IMG_1720.PNG,Continuação: “mentoria cirúrgica”; Cristiane pede lista de nichos; Antonio Vinicius compara aprendizado com Flávio Augusto.,"Comunidade Pódium: C..
141
COMUNIDADE
PODIUM
42 online
Rômulo; mentoria
Show de bola
cirúrgica
Cristiane
Muito bom Romulo; pena que eu so
consegui pegar 0 finalzinho.
Se alguém puder compartilhar lista
dos nichos interessantes e pouco
explorados","prova_social, autoridade, mentoria, agradecimento",mentoria,1,,,
DEP-229,gallery,workshop,mentoria-cirurgica-cristiane-pede-lista,2,comp-c,comp07,depoimentos-2026-ready/gallery/gallery_workshop_mentoria-cirurgica-cristiane-pede-lista_comp-c_parte-2.png,IMG_1719.PNG,"Mesmo fio pós-mentoria ~4h: Felipe, Tiago, Otavio (“cirúrgica”) e Cristiane elogiam; pedido de feedback do Rômulo.","Felipe Oliv
conheci totanere HIU dIEdlulU
procurando material para estudar e
foi uma das melhores 4h de aulas
que tive todo esse ano.","prova_social, mentoria, agradecimento, qualidade_conteudo",mentoria,1,,,
DEP-230,gallery,workshop,mentoria-cirurgica-cristiane-pede-lista,2,comp-a,comp07,depoimentos-2026-ready/gallery/gallery_workshop_mentoria-cirurgica-cristiane-pede-lista_comp-a_parte-2.png,IMG_1720.PNG,Continuação: “mentoria cirúrgica”; Cristiane pede lista de nichos; Antonio Vinicius compara aprendizado com Flávio Augusto.,"Antonio V
Obrigado Rômulo; acompanhar
você e 0 Flávio Augusto me fez
entender muito sobre 0 modelo de
vendas","prova_social, autoridade, mentoria, agradecimento",mentoria,2,,,
DEP-231,gallery,workshop,mentoria-cirurgica-cristiane-pede-lista,3,comp-c,comp07,depoimentos-2026-ready/gallery/gallery_workshop_mentoria-cirurgica-cristiane-pede-lista_comp-c_parte-3.png,IMG_1719.PNG,"Mesmo fio pós-mentoria ~4h: Felipe, Tiago, Otavio (“cirúrgica”) e Cristiane elogiam; pedido de feedback do Rômulo.","Tiag(
Entrega 100% sem enrolação.
Conteúdo de ouro. Parabéns
Rômulo.
TCM D","prova_social, mentoria, agradecimento, qualidade_conteudo",mentoria,2,,,
DEP-232,gallery,workshop,mentoria-cirurgica-cristiane-pede-lista,3,comp-a,comp07,depoimentos-2026-ready/gallery/gallery_workshop_mentoria-cirurgica-cristiane-pede-lista_comp-a_parte-3.png,IMG_1720.PNG,Continuação: “mentoria cirúrgica”; Cristiane pede lista de nichos; Antonio Vinicius compara aprendizado com Flávio Augusto.,"uprigado Romulo; acompannar voce e 0
Flávio Augusto me fez entender muito
sobre 0 modelo de vendas
Caramba; me colocar no nível do
Flávio Augusto; hahaha felicidade
percepção meu amigo!
por essa","prova_social, autoridade, mentoria, agradecimento",mentoria,1,,,
DEP-233,gallery,workshop,mentoria-cirurgica-cristiane-pede-lista,4,comp-c,comp07,depoimentos-2026-ready/gallery/gallery_workshop_mentoria-cirurgica-cristiane-pede-lista_comp-c_parte-4.png,IMG_1719.PNG,"Mesmo fio pós-mentoria ~4h: Felipe, Tiago, Otavio (“cirúrgica”) e Cristiane elogiam; pedido de feedback do Rômulo.","de mentoria pra vocês! Me dêem um
Feedback
Show de bola Rômulo; mentoria
cirúrgica
Cristiane
Muito bom Romulo; pena que eu so
conseali neaar 0 finalzinho","prova_social, mentoria, agradecimento, qualidade_conteudo",mentoria,1,,,
DEP-234,gallery,workshop,mentoria-gratuita-humor-prova-social-aut,,,,depoimentos-2026-ready/gallery/gallery_workshop_mentoria-gratuita-humor-prova-social-aut.png,IMG_7234.PNG,Usuário elogia a mentoria gratuita: “Brabo. Instalei o Instagram premium”.,"pelo
myllerpaiva 3 h
autor
Gratuito essa mentoria aqui? Brabo. Instalei
Instagram premium
O
Responder
Ocultar","mentoria-gratuita, humor, prova-social, autoridade",mentoria,0,,,
DEP-235,gallery,workshop,mesma-mensagem-de-bruno-henrique-elogian,,comp-b,comp11,depoimentos-2026-ready/gallery/gallery_workshop_mesma-mensagem-de-bruno-henrique-elogian_comp-b.png,IMG_7681 (1).PNG,Mesma mensagem de Bruno Henrique elogiando a mentoria do Rômulo (“entregando ouro”).,"Bruno Henrique
1 €
Como sempre, Rômulo entregando
ouro! Essas mentoria agrega valor
de mais! Cada momento você pega
um detalhe novo! BAUUUUM de
próxima!
mais! Vlw e ate a","mentoria, valor, entusiasmo, gratidão",mentoria,0,,,
DEP-236,gallery,workshop,michael-elogia-o-workshop-como-acima-da,,,,depoimentos-2026-ready/gallery/gallery_workshop_michael-elogia-o-workshop-como-acima-da.png,IMG_8049.PNG,Michael elogia o workshop como acima da média e renovador para quem tem operação.,"Michael M
Workshop de hoje foi muito acima
da média, quem tem operação saiu
com a mente renovada de
informação com certeza","workshop, operação, elogio, prova social",workshop,1,,,
DEP-237,gallery,workshop,mike-oliveira-cobra-o-grupo-a-valorizar,,,,depoimentos-2026-ready/gallery/gallery_workshop_mike-oliveira-cobra-o-grupo-a-valorizar.png,IMG_2287.PNG,"Mike Oliveira cobra o grupo a valorizar as mentorias/plataforma do Rômulo, “mais barato que a pizza do fim de semana”.","Mike Olive
Galera, vcs dão muito mole! Se vcs
entraram no aqui no grupo e pra
aprender algo que vcs ainda n
sabem e viram no Rômulo um
potencial pra ensinar. Toda
segunda e quinta ele deixa fazer
pergunta que ele só libera em
mentoria individual ou na
plataforma que e mais barato que a
pizza que vcs comem fim de
semana. Mas preferem pegar as
coisas ""grátis"" e nem nas livre
vocês entram: estão deixando de
aprender coisa boa por bobeira","valor, custo-benefício, autoridade, advocacy, comunidade",mentoria,1,,,
DEP-238,gallery,workshop,murilo-xavier-diz-que-a-decisao-pelo-wor,,,,depoimentos-2026-ready/gallery/gallery_workshop_murilo-xavier-diz-que-a-decisao-pelo-wor.png,IMG_7921.PNG,Murilo Xavier diz que a decisão pelo workshop foi a decisão certa.,"Murilo Xa
Saúde mental Corporativo
Galera; 0 que muda na nossa vida
são pequenas decisões que
tomamos.
Decisão pelo workshop foi a
decisão certa
Boraaa","validação, workshop, motivação, decisão",workshop,1,,,
DEP-239,gallery,workshop,thread-da-comunidade-podium-com-varios-e,1,,,depoimentos-2026-ready/gallery/gallery_workshop_thread-da-comunidade-podium-com-varios-e_parte-1.png,IMG_9926.PNG,"Thread da Comunidade Pódium com vários elogios à aula (Gean, Pablo, Davi, Carlos) + texto longo do Michael.","Comunidade Pódium: ..
111
COMUNIDADE
PODIUM
39 online
Vamos lá turma?","prova social múltipla, aula, comunidade, mentalidade",,1,,,
DEP-240,gallery,workshop,thread-da-comunidade-podium-com-varios-e,2,,,depoimentos-2026-ready/gallery/gallery_workshop_thread-da-comunidade-podium-com-varios-e_parte-2.png,IMG_9926.PNG,"Thread da Comunidade Pódium com vários elogios à aula (Gean, Pablo, Davi, Carlos) + texto longo do Michael.","Lets g0
Gean
Aula foda demais !! Valeu Romulo !","prova social múltipla, aula, comunidade, mentalidade",,2,,,
DEP-241,gallery,workshop,thread-da-comunidade-podium-com-varios-e,3,,,depoimentos-2026-ready/gallery/gallery_workshop_thread-da-comunidade-podium-com-varios-e_parte-3.png,IMG_9926.PNG,"Thread da Comunidade Pódium com vários elogios à aula (Gean, Pablo, Davi, Carlos) + texto longo do Michael.","Michael
Falar a verdade, não sei voces mas
estar numa sala com a galera e 0
Rômulo como professor tem sido
uma terapia pra mim. Acalma muito
a minha ansiedade. Meus parceiros
nllvam díidac
aí","prova social múltipla, aula, comunidade, mentalidade",,1,,,
DEP-242,gallery,workshop,varios-alunos-elogiam-live-conteudo-assu,1,,,depoimentos-2026-ready/gallery/gallery_workshop_varios-alunos-elogiam-live-conteudo-assu_parte-1.png,IMG_1135.PNG,"Vários alunos elogiam live/conteúdo (“assustadoramente massa”, “conteúdo riquíssimo”, “Mentoria braba”); um diz “correr pra comprar a plataforma”.","Comunidade Pódium: .
134
COMUNIDADE
PODIUM
48 online
Joao Pedro
Foi assustadoramente massa
demais hahaha","prova_social, agradecimento, desejo_de_compra, mentoria, conteudo_rico",mentoria,1,,,
DEP-243,gallery,workshop,varios-alunos-elogiam-live-conteudo-assu,2,,,depoimentos-2026-ready/gallery/gallery_workshop_varios-alunos-elogiam-live-conteudo-assu_parte-2.png,IMG_1135.PNG,"Vários alunos elogiam live/conteúdo (“assustadoramente massa”, “conteúdo riquíssimo”, “Mentoria braba”); um diz “correr pra comprar a plataforma”.","Vertin
KAKAKAKAK boa Rõmulo
Eu trabalhando aqui no escritório
na live anotando tudo kakakaka","prova_social, agradecimento, desejo_de_compra, mentoria, conteudo_rico",mentoria,1,,,
DEP-244,gallery,workshop,varios-alunos-elogiam-live-conteudo-assu,3,,,depoimentos-2026-ready/gallery/gallery_workshop_varios-alunos-elogiam-live-conteudo-assu_parte-3.png,IMG_1135.PNG,"Vários alunos elogiam live/conteúdo (“assustadoramente massa”, “conteúdo riquíssimo”, “Mentoria braba”); um diz “correr pra comprar a plataforma”.","Alex Me
Top
demais conteúdo riquíssimo
Rômulo..
A
Mensagens não lidas: 2","prova_social, agradecimento, desejo_de_compra, mentoria, conteudo_rico",mentoria,1,,,
DEP-245,gallery,workshop,varios-alunos-elogiam-live-conteudo-assu,4,,,depoimentos-2026-ready/gallery/gallery_workshop_varios-alunos-elogiam-live-conteudo-assu_parte-4.png,IMG_1135.PNG,"Vários alunos elogiam live/conteúdo (“assustadoramente massa”, “conteúdo riquíssimo”, “Mentoria braba”); um diz “correr pra comprar a plataforma”.",Mentoria braba,"prova_social, agradecimento, desejo_de_compra, mentoria, conteudo_rico",mentoria,1,,,
DEP-246,gallery,workshop,varios-membros-elogiam-a-live-aula-como,1,,,depoimentos-2026-ready/gallery/gallery_workshop_varios-membros-elogiam-a-live-aula-como_parte-1.png,49E04A24-4A2A-4C61-A6E9-2A11D4950EDB.PNG,Vários membros elogiam a live/aula como “conteúdo de ouro” e uma das melhores.,"Comunidade Pódium: C..
159
COMUNIDADE
PODIUM
42 online
Andrade entrou usando 0 link do grupo
Obrigado pela participação! Vocês
gostaram 100%?","live, conteúdo, FOMO, prova social coletiva, gratidão",,0,,,
DEP-247,gallery,workshop,varios-membros-elogiam-a-live-aula-como,2,,,depoimentos-2026-ready/gallery/gallery_workshop_varios-membros-elogiam-a-live-aula-como_parte-2.png,49E04A24-4A2A-4C61-A6E9-2A11D4950EDB.PNG,Vários membros elogiam a live/aula como “conteúdo de ouro” e uma das melhores.,"Mateus D
Obrigado Rômulo. Aula top
Apollo Ro
Hj foi uma
Top demais Rômulo; parabéns !!!
kaka
Aula top demais; muito conteudo","live, conteúdo, FOMO, prova social coletiva, gratidão",,3,,,
DEP-248,gallery,workshop,varios-membros-elogiam-a-live-aula-como,3,,,depoimentos-2026-ready/gallery/gallery_workshop_varios-membros-elogiam-a-live-aula-como_parte-3.png,49E04A24-4A2A-4C61-A6E9-2A11D4950EDB.PNG,Vários membros elogiam a live/aula como “conteúdo de ouro” e uma das melhores.,"Davi Leão Pódium
live,
Que conteudo de ouro foi essa
quem nao teve a minima vontade
de nem entrar na live perdeu uma
das melhores lives feitas, é fácil
usar aqui pra se autopromover e
mostrar q é melhor q 0 outro; mas
na hora de ligar n aparece;
parabens Rômulo pelo conteúdo","live, conteúdo, FOMO, prova social coletiva, gratidão",,0,,,
DEP-249,gallery,workshop,victor-hugo-diz-que-a-cada-mentoria-melh,,,,depoimentos-2026-ready/gallery/gallery_workshop_victor-hugo-diz-que-a-cada-mentoria-melh.png,IMG_2868 (1).PNG,Victor Hugo diz que a cada mentoria melhora o processo comercial e já sai aplicando.,"Victor Huç
Você
Papo bom demais hoje na Mentoria!
Obrigado pela participação
Sensacional! A cada dia de
mentoria; eu noto melhoria no meu
processo comercial.
Já saio aplicando tudo","mentoria, processo comercial, aplicação, evolução",mentoria,1,,,
DEP-250,gallery,workshop,vitor-elogia-o-conteudo-e-diz-que-precis,,,,depoimentos-2026-ready/gallery/gallery_workshop_vitor-elogia-o-conteudo-e-diz-que-precis.png,IMG_4203.PNG,Vitor elogia o conteúdo e diz que precisa mudar “pra ontem”.,"Vitor
Conteúdo muito bom; de vdd, me
ajudou bastante em algumas área
da minha vida e preciso mudar pra
ontem!","gratidão, urgência, impacto pessoal, feedback",,1,,,
DEP-251,gallery,workshop,wellison-elogia-conteudos-riquissimos-e,1,,,depoimentos-2026-ready/gallery/gallery_workshop_wellison-elogia-conteudos-riquissimos-e_parte-1.png,IMG_9299.PNG,Wellison elogia conteúdos riquíssimos e deseja bênçãos ao Rômulo.,"Wellison N
Top.
Muito
Que Deus te abençoe @Rômulo","conteúdo, elogio, gratidão, espiritual",,1,,,
DEP-252,gallery,workshop,wellison-elogia-conteudos-riquissimos-e,2,,,depoimentos-2026-ready/gallery/gallery_workshop_wellison-elogia-conteudos-riquissimos-e_parte-2.png,IMG_9299.PNG,Wellison elogia conteúdos riquíssimos e deseja bênçãos ao Rômulo.,"Freitas
Conteúdos riquíssimos","conteúdo, elogio, gratidão, espiritual",,0,,,
